,name,city,content,score,date
0,影志,北京,电影比预期要更恢弘磅礴，晨昏线过后的永夜、火种计划、让地球流浪、木星推动地球…等等大小设定，没想到中国也能拍这么大架构、大格局的科幻片了，而且是第一部，了不得。以前看国外科幻感觉离我们很远，这一次看到熟悉的北京大裤衩、上海东方明珠都变成零下89°冰天冻地的末世场景，既猎奇又唏嘘。虽然在剧情上有套路，对于这部中国文化背景下的科幻新生儿，鼓励多于挑剔。导演说美国人拍科幻是放弃地球、去挖掘新的人类居住地，而中国人是不放弃地球、守住家土的情怀…“希望是我们回家的唯一方向”,推荐,2019-02-04
1,陆支羽,北京,5.0。1.终于，轮到我们仰望星空。2.后启示录死亡废墟，赛博朋克地下城，以及烟波浩渺的末日想象，缔造了真正意义上的第一部国产硬科幻。3.拖着地球逃离太阳系的惊艳设定，本身便是对“家国情怀”的宏大投射，正应了刘慈欣那句“太阳死了，人还活着”。4.绝不仅仅只是电影工业巨壳下的类型尝试，始终荡涤其间的悲壮气息已然具备了史诗级质感，这是大刘的脑洞宇宙与电影创作团队精益求精造就的惊喜。5.屈楚萧很带感，演活了一个勇敢、中二又不失温情的英雄少年。6.期待能成爆款吧，这样才有机会等到更多的国产科幻电影；或许以后会出现更好的，但至今这无疑是最好的。,力荐,2019-01-29
2,掉线,北京,【C+】大刘故事打底，想象力已经赢了。特效值得夸，冰天雪地覆盖的北京上海，木星地球引力对撞的画面都称得上震撼。最关键的是，这种高概念设定，拍的稍差点，便很容易让人觉得扯蛋，故事必须拿出足够真实的细节和逻辑才能让观众代入，相信所讲的未来是可能发生的。而《流浪地球》做到了这点。在我看来，这才是它身为国产科幻片最大的进步。主旋律元素在，但被消解为乡愁与亲情，不会让人反感，反而让你流泪。当然也有不满意的地方，一是配角们功能性太重，出来基本就是为了完成牺牲戏码煽情。另一个是某人最后做出的决定，虽从个人角度能理解，但作为肩负人类种族繁衍使命的人，过于感性和理想化。万一失败那就是全人类灭亡啊。但瑕不掩瑜，尤其在它对于中国科幻电影的里程碑式进步意义下，更都能忽视。不过片子里最科幻的，还当属那位坚决不受贿的官员,推荐,2019-01-20
3,嘟嘟熊之父,北京,还能更土更儿戏一点吗？毫无思考仅靠煽动，毫无敬畏仅余妄想。好的科幻片应该首先承认人类的无知，并跳出人类的视角去看待人与宇宙的关系，而不是一头扎入狭隘的家庭纠纷与大国情怀中自作聪明自我感动。被吹到不行的特效如同导演抡圆了膀子朝观众脸上砸各种金银珠宝，闪到不行但全无美感。有人说作为中国第一部硬科幻电影，不要跟美国比，只想说这宣传攻势票房体量已经超越大多数好莱坞商业大片了，凭啥不能和人家比？所以评价《流浪地球》很简单，你把片中所有角色换成美国人，然后再想想自己愿意打几星。,很差,2019-01-28
4,木子Lily李, ,大量说话口型对不上，后期配音？地下城场景迷你，在酒吧搭的棚？起码有两个镜头连不上，中间剪掉了？最大的问题是把观众当傻子，全部都是解说来展现内心os和世界观。人物都纸片人，充斥着连续快速的动作镜头，一下子近一下子拉很远，很迷，大量子弹时间中的子弹时间，有趣麽？一颗星给吴孟达的演技和男主的颜吧。,很差,2019-01-29
5,路有冻死宇,北京,快要把我震死在影院座椅上了。影片有科幻设定而无科幻精神，每个人物都处于被集体主义长期坑害的大脑缺氧状态。尬燃尬煽加尬聊，镜头交代极其潦草，你在片中常常能看到这种剪辑――前十秒任务车辆行驶在一条高空坠物加地面崩坏的险境，观众紧张得脚趾都弓起在鞋里，而最后脱离危险的瞬间却被离奇地省略，继续朝前迈进了。整部电影就是这样一副打肿脸充胖子的模样，纵使安插再多百度百科程度的历史梗也难以真的唤起人类共鸣。我不知道4.2光年外等待人类的恒星处于何种境况，但几乎可以确定再来100部这样的重型土鳖电影人类一定会因绝望而抑郁至死。,很差,2019-02-05
6,艾晨,上海,三星鼓励一下吧，四个字：太儿戏了。硬科幻和硬要科幻是两回事。,还行,2019-01-28
7,侠侠, ,真为吴京的演技尴尬，总是摆出一副大义凌然的样子，好奇为什么刘的作品中总有这种傻逼般的圣母存在。作为一个中校，对与错命令与否完全没有概念，冒着地球灭绝的同时让仅有的希望之种空间站也都消失的可能性，一个是全人类一个是个人感情，谁更重要分不清就不要当军人了谢谢。浪费这么好的题材设定，吐,很差,2019-02-05
8,Yann, ,如果拿道德绑架我觉得这个片真好，如果作为一个消费者，只能说真的很尴尬，这样一个逻辑不严谨的电影也能上映，我真的不再说什么，还有那些私信谩骂的，希望在19年积点口德！谢谢,很差,2019-02-05
9,凌睿,江苏南京,"《流浪地球》小说本就想象力丰富，让地球连同地球人一同逃难的创意荡气回肠、惊艳无比。
电影中的行星发动机很硬核，还原了小说中“雅典卫城神殿的巨柱”的描写；
地球启航产生的尾迹清晰可见，宛如一艘巨型飞船遨游宇宙之间；
北京、上海被冰雪覆盖气势磅礴；地木交会更是让人瞠目结舌，试问有电影能看到这样一幕？
最后表扬一下片尾的《流浪地球》小说的特效，比漫威的漫画翻页片头还精彩。
电影保持了小说的整体框架，有一定改动（严格说其实是扩充），只拍了小说的前两章，最精彩的《叛乱》希望能在续集看到。
新加入的点燃木星很有新意，这种有创意的改动我还是能够接受。
《流浪地球》的上映填补了中国科幻电影的空白，意味着中国科幻电影正式启航，让“中国科幻电影元年”迎来真正的春天。
中国科幻迷从此不再流浪，因为我们终于有硬科幻了！",推荐,2019-01-27
10,沙雕电影,北京,一个悲伤的故事：太阳都要毁灭，地球都要流浪了，我国的校服还是这么丑...,推荐,2019-02-05
11,Pixelss,四川成都,Frost punk了解一下，拍的还没游戏好的电影，通通一分,很差,2019-02-04
12,PM, ,"打4星5星的那些，看看他们的评论，，要么看的就不是电影，而是所谓的民族自尊心。电视，影院，铺天盖地的烂片，真的就是冯小刚说的那样，是观众造就了这个市场，为的就是迎合大多数的低俗口味。
那些对打低分的人各种粗口狂吠的，体现了他们卑劣的人性本质。",很差,2019-02-05
13,乌鸦火堂,北京,华语真正意义上的第一部科幻大片！刘慈欣的硬核科幻设定，小兵扛大旗的主流价值观人设，东方式的家庭理念核心，地心引力与星际穿越的融合。故事铺排+情节张力+情绪渲染+镜头调度非常娴熟，意料之外的特效大场面超赞。虽然有瑕疵但整体非常流畅，后30分钟更攥着手看，几处情节令人泪目，片尾BGM燃爆。“比肩好莱坞、电影工业”已是老生常谈，我认为这是华语电影的发展方向，不算完美但完成度和起点相当高，给你五星不怕你骄傲,力荐,2019-01-20
14,我是王大鹏啊！,重庆,失望 一群聒噪的角色让人忍不住觉得地球还是毁灭了比较好,较差,2019-01-28
15,Cobain,上海,"不能因为它是首部本土科幻片就蒙蔽了双眼打高分，对吧。看完要说的仍然是中国电影工业还有很长的路要走。\\ 我在《流浪地球》短评区的差评被顶到了稍热门的位置后就收到了几封问候豆油。

我就再说两句吧。库布里克时代拍科幻片就在处理哲学的基本命题了，他给的起点多高啊！我们没道理只逗留在通用表达上，处理人类的情感抒发。

林若宁给Eason的《月球上的人》这么写道「从未来观看 潜伏万年的野史记载 不理它小爱与大爱 人类太过渺小的最爱」这才是对宏大的宇宙观应有的共识。

这两年也就《降临》和《谷粒》达了标。",较差,2019-01-20
16,黑大壮女神,江西南昌,看了下短评：可能任何电影只要贴上国产标签，都有人能找到各种理由为他打低分，而他们却要为好莱坞爆米花电影给五星。跪太久了你们还是去死吧，躺着更舒服。,推荐,2019-02-05
17,亵渎电影,北京,中国导演能拍出这样的硬科幻，看到这样的完成度，想想就激动，可以让人原谅一切不完美！说这部电影是中国科幻电影的元年自然是站不住脚，毕竟国内早就拍过很多软科幻，但说《流浪地球》是中国硬科幻电影的第一座里程碑，或者说中国硬科幻电影的元年，这是任何人都无可反驳的，它的工业化程度在国内绝对是前所未有的，是一部可以载入中国电影史的电影！其实中国观众对于这类型的硬科幻并不陌生，只是国内一直没有拍摄这种硬科幻大制作的工业基础，也可能是因为中国人没有这样的文化自信，找不到中国独有的文化语境，并不相信中国人可以去拯救地球，拯救世界。直到今天，终于有导演做了这件事情，而且做的非常棒，给中国的硬科幻竖起了一个很高的行业标杆，在中国人的文化语境里用中国人的方式拯救全人类，也一样可以拍的毫无违和感，一样燃爆！,推荐,2019-02-02
18,倒带,江苏南京,充斥着模仿的痕迹，某些镜头直接地心引力同款，另外就是画质极渣的摄影以及播放卡顿。宏大主题配以乡土气十足的人设、情感以及地下小镇式场景，中段的冗长更是让人疲惫。倒是现象级的吴京带来现象级的吹捧狂潮惊到我了。,较差,2019-01-29
19,张小北,北京,从各个方面来说都是一部好看的类型片。而最特别的是它是一部国产科幻电影，影迷+科幻迷的双重满足。和最好的好莱坞视效电影相比肯定有差距，但差距已经是肉眼可见的了，剩下的都是假以时日就有机会追上的。追求最广泛的情感共鸣是所有商业类型片都要努力做到的，在某些人看来很俗，但我觉得这一点反而应该是值得骄傲的。,力荐,2019-01-29
20,沙雕电影,北京,一个悲伤的故事：太阳都要毁灭，地球都要流浪了，我国的校服还是这么丑...,推荐,2019-02-05
21,Pixelss,四川成都,Frost punk了解一下，拍的还没游戏好的电影，通通一分,很差,2019-02-04
22,PM, ,"打4星5星的那些，看看他们的评论，，要么看的就不是电影，而是所谓的民族自尊心。电视，影院，铺天盖地的烂片，真的就是冯小刚说的那样，是观众造就了这个市场，为的就是迎合大多数的低俗口味。
那些对打低分的人各种粗口狂吠的，体现了他们卑劣的人性本质。",很差,2019-02-05
23,乌鸦火堂,北京,华语真正意义上的第一部科幻大片！刘慈欣的硬核科幻设定，小兵扛大旗的主流价值观人设，东方式的家庭理念核心，地心引力与星际穿越的融合。故事铺排+情节张力+情绪渲染+镜头调度非常娴熟，意料之外的特效大场面超赞。虽然有瑕疵但整体非常流畅，后30分钟更攥着手看，几处情节令人泪目，片尾BGM燃爆。“比肩好莱坞、电影工业”已是老生常谈，我认为这是华语电影的发展方向，不算完美但完成度和起点相当高，给你五星不怕你骄傲,力荐,2019-01-20
24,我是王大鹏啊！,重庆,失望 一群聒噪的角色让人忍不住觉得地球还是毁灭了比较好,较差,2019-01-28
25,Cobain,上海,"不能因为它是首部本土科幻片就蒙蔽了双眼打高分，对吧。看完要说的仍然是中国电影工业还有很长的路要走。\\ 我在《流浪地球》短评区的差评被顶到了稍热门的位置后就收到了几封问候豆油。

我就再说两句吧。库布里克时代拍科幻片就在处理哲学的基本命题了，他给的起点多高啊！我们没道理只逗留在通用表达上，处理人类的情感抒发。

林若宁给Eason的《月球上的人》这么写道「从未来观看 潜伏万年的野史记载 不理它小爱与大爱 人类太过渺小的最爱」这才是对宏大的宇宙观应有的共识。

这两年也就《降临》和《谷粒》达了标。",较差,2019-01-20
26,黑大壮女神,江西南昌,看了下短评：可能任何电影只要贴上国产标签，都有人能找到各种理由为他打低分，而他们却要为好莱坞爆米花电影给五星。跪太久了你们还是去死吧，躺着更舒服。,推荐,2019-02-05
27,亵渎电影,北京,中国导演能拍出这样的硬科幻，看到这样的完成度，想想就激动，可以让人原谅一切不完美！说这部电影是中国科幻电影的元年自然是站不住脚，毕竟国内早就拍过很多软科幻，但说《流浪地球》是中国硬科幻电影的第一座里程碑，或者说中国硬科幻电影的元年，这是任何人都无可反驳的，它的工业化程度在国内绝对是前所未有的，是一部可以载入中国电影史的电影！其实中国观众对于这类型的硬科幻并不陌生，只是国内一直没有拍摄这种硬科幻大制作的工业基础，也可能是因为中国人没有这样的文化自信，找不到中国独有的文化语境，并不相信中国人可以去拯救地球，拯救世界。直到今天，终于有导演做了这件事情，而且做的非常棒，给中国的硬科幻竖起了一个很高的行业标杆，在中国人的文化语境里用中国人的方式拯救全人类，也一样可以拍的毫无违和感，一样燃爆！,推荐,2019-02-02
28,倒带,江苏南京,充斥着模仿的痕迹，某些镜头直接地心引力同款，另外就是画质极渣的摄影以及播放卡顿。宏大主题配以乡土气十足的人设、情感以及地下小镇式场景，中段的冗长更是让人疲惫。倒是现象级的吴京带来现象级的吹捧狂潮惊到我了。,较差,2019-01-29
29,张小北,北京,从各个方面来说都是一部好看的类型片。而最特别的是它是一部国产科幻电影，影迷+科幻迷的双重满足。和最好的好莱坞视效电影相比肯定有差距，但差距已经是肉眼可见的了，剩下的都是假以时日就有机会追上的。追求最广泛的情感共鸣是所有商业类型片都要努力做到的，在某些人看来很俗，但我觉得这一点反而应该是值得骄傲的。,力荐,2019-01-29
30,苏柏拉图如是说, ,那些恶意打一星的亲妈活不过正月十五，不死不是亲妈,力荐,2019-02-05
31,phoebe,上海,宏大又动人。为原著赋予了细腻的想象，整体气质比美式末日片都多了一份安静和真实，也有萦绕不去的悲伤。最戳心的当然还是《流浪地球》选择带着地球寻找新的星系，而不是开辟新的居住地，等冰有天化为水，子孙依然能看到北京、上海、贝加尔湖，这点可真是太乡愁了。看完念念不忘的并不是角色，而是电影带来的挥之不去的孤独感，望着头顶的太阳，真是又温暖又寒冷。,力荐,2019-01-20
32,youmi, ,战狼5毛直接0分,很差,2019-02-05
33,Gulf, ,最SB的评论就是那种教别人怎么打分的和教育别人不要因为国产片而放低标准的！恶心！人本来就是有的偏理性，有的偏感性，估计还有一些这类片子根本看不懂的，所以就把自己对这部电影的感受表达出来就得了！作为资深的电影迷、科幻迷看到国内能拍出这片子我就是高兴，就是给五星～电影的缺点肯定是有的，二刷之后再讨论一下，希望国内能勇于拍这类电影，积累经验，以后拍出更优秀的科幻电影！！！,力荐,2019-02-05
34,LUCIFER, ,新时代特色社会主义硬核科幻,较差,2019-02-05
35,gus, ,台词做作剧情薄弱没一个演员在线 无时无刻的尬笑走心台词还以为编剧是激素泛滥的中年少女 感觉看了一部战狼3 最后小女生用一篇激情澎湃的即兴小学生作文感动了全球救援队 中国梦实现了！,较差,2019-02-05
36,骂我的死你妈, ,吴京这水平，别出来祸害观众了行吗？一天到靠爱国和炒作，战狼2那烂片也特么配50亿票房？你们这帮文革小杂种就骂吧，一群狗屎💩,很差,2019-02-05
37,qw0aszx,浙江杭州,这个设定本身带来的那种悲壮甚至一丝浪漫感全被各种毫无节制的煽情和空到不行的台词给毁了 ★★☆,较差,2019-02-05
38,日复一篑, ,张口你国闭口你国的，别整出一副理性爱国客的样子，理性俩字快被你们整臭了，真以为别人都是傻子，整俩骚字就敢标榜自己是个文化人？,力荐,2019-02-05
39,二十二岛主,北京,观影过程中的情绪很复杂，一方面感叹特效的用心和部分设定的精妙，另一方面又很讨厌导演极尽谄媚的逢迎和所谓的“接地气”，这可能是导演想要努力区别于国外科幻片的地方，但不是说加入像《海草舞》、穿秋裤这样的“魔幻中国”元素就能展现出中国特有的科幻感的，一切还是要回归到人性纽带上。在这一点上，影片中的几条亲情线就至关重要。其中最打动人的还真是吴孟达饰演的爷爷/姥爷这条线，以及隐线叙事的父女情和夫妻情。吴京才是影片的第一男主角，从头演到尾，而且大多数时间都是独角戏，难度很大，变成特别出演可能也是情非得已。多加一星鼓励，作为第一步，确实已经不错了。,推荐,2019-02-05
40,苏柏拉图如是说, ,那些恶意打一星的亲妈活不过正月十五，不死不是亲妈,力荐,2019-02-05
41,phoebe,上海,宏大又动人。为原著赋予了细腻的想象，整体气质比美式末日片都多了一份安静和真实，也有萦绕不去的悲伤。最戳心的当然还是《流浪地球》选择带着地球寻找新的星系，而不是开辟新的居住地，等冰有天化为水，子孙依然能看到北京、上海、贝加尔湖，这点可真是太乡愁了。看完念念不忘的并不是角色，而是电影带来的挥之不去的孤独感，望着头顶的太阳，真是又温暖又寒冷。,力荐,2019-01-20
42,youmi, ,战狼5毛直接0分,很差,2019-02-05
43,Gulf, ,最SB的评论就是那种教别人怎么打分的和教育别人不要因为国产片而放低标准的！恶心！人本来就是有的偏理性，有的偏感性，估计还有一些这类片子根本看不懂的，所以就把自己对这部电影的感受表达出来就得了！作为资深的电影迷、科幻迷看到国内能拍出这片子我就是高兴，就是给五星～电影的缺点肯定是有的，二刷之后再讨论一下，希望国内能勇于拍这类电影，积累经验，以后拍出更优秀的科幻电影！！！,力荐,2019-02-05
44,LUCIFER, ,新时代特色社会主义硬核科幻,较差,2019-02-05
45,gus, ,台词做作剧情薄弱没一个演员在线 无时无刻的尬笑走心台词还以为编剧是激素泛滥的中年少女 感觉看了一部战狼3 最后小女生用一篇激情澎湃的即兴小学生作文感动了全球救援队 中国梦实现了！,较差,2019-02-05
46,骂我的死你妈, ,吴京这水平，别出来祸害观众了行吗？一天到靠爱国和炒作，战狼2那烂片也特么配50亿票房？你们这帮文革小杂种就骂吧，一群狗屎💩,很差,2019-02-05
47,qw0aszx,浙江杭州,这个设定本身带来的那种悲壮甚至一丝浪漫感全被各种毫无节制的煽情和空到不行的台词给毁了 ★★☆,较差,2019-02-05
48,日复一篑, ,张口你国闭口你国的，别整出一副理性爱国客的样子，理性俩字快被你们整臭了，真以为别人都是傻子，整俩骚字就敢标榜自己是个文化人？,力荐,2019-02-05
49,二十二岛主,北京,观影过程中的情绪很复杂，一方面感叹特效的用心和部分设定的精妙，另一方面又很讨厌导演极尽谄媚的逢迎和所谓的“接地气”，这可能是导演想要努力区别于国外科幻片的地方，但不是说加入像《海草舞》、穿秋裤这样的“魔幻中国”元素就能展现出中国特有的科幻感的，一切还是要回归到人性纽带上。在这一点上，影片中的几条亲情线就至关重要。其中最打动人的还真是吴孟达饰演的爷爷/姥爷这条线，以及隐线叙事的父女情和夫妻情。吴京才是影片的第一男主角，从头演到尾，而且大多数时间都是独角戏，难度很大，变成特别出演可能也是情非得已。多加一星鼓励，作为第一步，确实已经不错了。,推荐,2019-02-05
50,小苍过河, ,这个电影8.4 分，良心不痛吗,很差,2019-02-05
51,南乌,北京,不论从任何一种标准（科幻片的，华语片的，华语科幻片的）来看，都不能称得上是部合格影片。严重过度剪辑，这种典型2D动作片剪法用在这部空间结构比较复杂的3D科幻片上简直是胡闹。空间及动作表现极其不清，轴线纷乱，运送火石吴孟达死那一段，有人能看清发生什么事情了吗？经常错误地插入过紧的特写和过大的远景，在运动方向不一致，且无有效明暗对比的情况下，完全无法锚定观众注意力。全片仅有少量连续长镜头让人感觉空间清晰，但跨越数十万的公里的建构着实费力。每当镜头抽远，人语一成不变地延续，仿佛在看一部云淡风轻的青春片。说到底，这点视听手段完全无力处理刘慈欣的星系尺度超全知叙事。,较差,2019-02-05
52,巽,关注此人,4星，多一星鼓励。华语电影工业飞跃的节点，技术、剧本、精神内核，各方面都是全球尺度下顶级同行们的优秀学生水准。可贵之处就在于，作为先行者和新生代，能分辨什么是好的，应当学习的，并用十二分的力气把它们执行出来。比起科幻，我更看重和感动是它作为电影本身的意义，终于让我对华语电影有了一丝“总是往好里去”的希望。执拗、赤诚、勇敢、高贵——是的，甚至称得上高贵，负载着沉重的文化烙印，但依然元气淋漓，令人击节的少年。像那颗燃烧自己驱动前行的淡蓝色小球，向着茫茫宇宙，星辰大海，出发。,力荐,2019-01-22
53,电影街巷, ,打一星都是撒比吗？？？,力荐,2019-02-05
54,睡沙发的男人, ,【1】吴姓演员？呵呵，他乘火车无座带小板凳还蛮可爱的，但在电影里我就是没法喜欢他，很确定不喜欢 【2】这部片烂到片方应该给我们星 【3】一星全给李光洁的颜值【4】这么难看的电影很难得一见【5】8分确定是真实的观影感？我真的疑惑🤔,很差,2019-02-05
55,平心而论, ,票房几十亿交税几十万的人，他的电影拉黑。不上当第二次，就是不想看，演员看着恶心，电影再能忽悠和宣传也没用。,很差,2019-02-05
56,妖孽, ,野心远远大于能力的作品。大刘小说打底，导演用影视化视觉实现了大部分想象，敢想敢做！远超预期，牛B，但也仅自于此了。故事一塌糊涂，世界观做的如此粗糙，叙事完全不讲逻辑，人物动机行为全都莫名其妙不能理解，台词在电影里算的上数一数二的烂，最恶心的是国人文化自豪情绪被名目张胆刺裸裸的利用成商业行为，明明稍微用点心思就可以更好一点，偏不！导演编剧仿佛在对你说，故事差不多得了，太深了他们看不懂，就是要俗气，直白，最要紧的是中国人要拯救地球，吴京要操翻世界联合政府，中国就爱看这个。中国人就只，配，看这样的科幻故事！对啊！看看这些评论，就只配看这样的科幻故事。白瞎了这样的制作！白瞎了中国人自己的硬科团队！,很差,2019-02-05
57,何小沁,北京,《流浪地球》，中国第一部真·硬科幻电影，确实硬起来了。将中国式亲情关系、故土情怀投射到宏大的末日构想中，比原著又升华一层，敬畏而感动。电影剧本、特效都很扎实，最后30分钟特别燃。2019年龙标001号作品，也是中国科幻大片迈出的第一步。郭帆这一代类型片起家的80后导演学习能力都很强，不断为市场带来新的惊喜。加油,推荐,2019-01-20
58,谢谢你们的鱼,北京,125分钟重新定义了中国科幻，主创团队站在好莱坞的肩膀上完成了一个中国电影人从未完成的壮举。你可以在影片中看到《星际穿越》、《全球风暴》、《后天》、《世界末日》等一系列好莱坞顶级大片的影子，但是观看的时候你依然会非常明确地认定这是一部国产科幻大片应该具有的样子，没有山寨感，没有违和感。编剧对于大刘故事的全新演绎面面俱到，小到人物情感大到人类存亡都被演绎得让人信服，高潮部分更是贡献了极强的情感穿透力，燃度也是惊人。说实话，《流浪地球》作为国产科幻元年作品，起点真的太高了，心疼后面那些跃跃欲试的跟风者。,推荐,2019-01-28
59,王小叶儿,北京,就在我已经彻底被国内影视技术限制了想象力，不相信中国能有真正意义的科幻电影时，流浪地球便对着我的心脏狠狠扎了一针强心剂，走出电影院都还恍若隔世，中国真的也有这样的电影了吗，真的不是在做梦吗。相信，这是一部定会写进中国影史、中国科幻影史、中国太空电影史、中国影视工业进程史的一部科幻杰作，庆幸能成为见证者。此刻我手中的那张电影票不再是一张观影入场券，更像是一次亲历奇迹的勋章。,力荐,2019-01-20
60,二十二岛主,北京,观影过程中的情绪很复杂，一方面感叹特效的用心和部分设定的精妙，另一方面又很讨厌导演极尽谄媚的逢迎和所谓的“接地气”，这可能是导演想要努力区别于国外科幻片的地方，但不是说加入像《海草舞》、穿秋裤这样的“魔幻中国”元素就能展现出中国特有的科幻感的，一切还是要回归到人性纽带上。在这一点上，影片中的几条亲情线就至关重要。其中最打动人的还真是吴孟达饰演的爷爷/姥爷这条线，以及隐线叙事的父女情和夫妻情。吴京才是影片的第一男主角，从头演到尾，而且大多数时间都是独角戏，难度很大，变成特别出演可能也是情非得已。多加一星鼓励，作为第一步，确实已经不错了。,推荐,2019-02-05
61,南乌,北京,不论从任何一种标准（科幻片的，华语片的，华语科幻片的）来看，都不能称得上是部合格影片。严重过度剪辑，这种典型2D动作片剪法用在这部空间结构比较复杂的3D科幻片上简直是胡闹。空间及动作表现极其不清，轴线纷乱，运送火石吴孟达死那一段，有人能看清发生什么事情了吗？经常错误地插入过紧的特写和过大的远景，在运动方向不一致，且无有效明暗对比的情况下，完全无法锚定观众注意力。全片仅有少量连续长镜头让人感觉空间清晰，但跨越数十万的公里的建构着实费力。每当镜头抽远，人语一成不变地延续，仿佛在看一部云淡风轻的青春片。说到底，这点视听手段完全无力处理刘慈欣的星系尺度超全知叙事。,较差,2019-02-05
62,巽,关注此人,4星，多一星鼓励。华语电影工业飞跃的节点，技术、剧本、精神内核，各方面都是全球尺度下顶级同行们的优秀学生水准。可贵之处就在于，作为先行者和新生代，能分辨什么是好的，应当学习的，并用十二分的力气把它们执行出来。比起科幻，我更看重和感动是它作为电影本身的意义，终于让我对华语电影有了一丝“总是往好里去”的希望。执拗、赤诚、勇敢、高贵——是的，甚至称得上高贵，负载着沉重的文化烙印，但依然元气淋漓，令人击节的少年。像那颗燃烧自己驱动前行的淡蓝色小球，向着茫茫宇宙，星辰大海，出发。,力荐,2019-01-22
63,电影街巷, ,打一星都是撒比吗？？？,力荐,2019-02-05
64,睡沙发的男人, ,【1】吴姓演员？呵呵，他乘火车无座带小板凳还蛮可爱的，但在电影里我就是没法喜欢他，很确定不喜欢 【2】这部片烂到片方应该给我们星 【3】一星全给李光洁的颜值【4】这么难看的电影很难得一见【5】8分确定是真实的观影感？我真的疑惑🤔,很差,2019-02-05
65,平心而论, ,票房几十亿交税几十万的人，他的电影拉黑。不上当第二次，就是不想看，演员看着恶心，电影再能忽悠和宣传也没用。,很差,2019-02-05
66,妖孽, ,野心远远大于能力的作品。大刘小说打底，导演用影视化视觉实现了大部分想象，敢想敢做！远超预期，牛B，但也仅自于此了。故事一塌糊涂，世界观做的如此粗糙，叙事完全不讲逻辑，人物动机行为全都莫名其妙不能理解，台词在电影里算的上数一数二的烂，最恶心的是国人文化自豪情绪被名目张胆刺裸裸的利用成商业行为，明明稍微用点心思就可以更好一点，偏不！导演编剧仿佛在对你说，故事差不多得了，太深了他们看不懂，就是要俗气，直白，最要紧的是中国人要拯救地球，吴京要操翻世界联合政府，中国就爱看这个。中国人就只，配，看这样的科幻故事！对啊！看看这些评论，就只配看这样的科幻故事。白瞎了这样的制作！白瞎了中国人自己的硬科团队！,很差,2019-02-05
67,何小沁,北京,《流浪地球》，中国第一部真·硬科幻电影，确实硬起来了。将中国式亲情关系、故土情怀投射到宏大的末日构想中，比原著又升华一层，敬畏而感动。电影剧本、特效都很扎实，最后30分钟特别燃。2019年龙标001号作品，也是中国科幻大片迈出的第一步。郭帆这一代类型片起家的80后导演学习能力都很强，不断为市场带来新的惊喜。加油,推荐,2019-01-20
68,谢谢你们的鱼,北京,125分钟重新定义了中国科幻，主创团队站在好莱坞的肩膀上完成了一个中国电影人从未完成的壮举。你可以在影片中看到《星际穿越》、《全球风暴》、《后天》、《世界末日》等一系列好莱坞顶级大片的影子，但是观看的时候你依然会非常明确地认定这是一部国产科幻大片应该具有的样子，没有山寨感，没有违和感。编剧对于大刘故事的全新演绎面面俱到，小到人物情感大到人类存亡都被演绎得让人信服，高潮部分更是贡献了极强的情感穿透力，燃度也是惊人。说实话，《流浪地球》作为国产科幻元年作品，起点真的太高了，心疼后面那些跃跃欲试的跟风者。,推荐,2019-01-28
69,王小叶儿,北京,就在我已经彻底被国内影视技术限制了想象力，不相信中国能有真正意义的科幻电影时，流浪地球便对着我的心脏狠狠扎了一针强心剂，走出电影院都还恍若隔世，中国真的也有这样的电影了吗，真的不是在做梦吗。相信，这是一部定会写进中国影史、中国科幻影史、中国太空电影史、中国影视工业进程史的一部科幻杰作，庆幸能成为见证者。此刻我手中的那张电影票不再是一张观影入场券，更像是一次亲历奇迹的勋章。,力荐,2019-01-20
70,frozenmoon,北京,1.从特效和技术上讲，这应该是迄今为止此类中国电影的巅峰了。磅礴恢宏，细节营造用心。2.故事层面比较糟糕，很好奇到底出于什么原因，造成几乎超过40%的台词都是后配的，而且对不上口型，明显是片子成型后彻底改词重配的。这严重影响故事质量。3.作为类型片，很多讲述方式有明显问题，比如人物特征不鲜明，交代不清楚，刘启变成“刘户口”，这种启字的拆解为什么不交代?李一一变成“李长条”留给谁去猜?4.很多地方增加众多根本无意义的插科打诨，自以为幽默但毫无笑点非常尴尬。5.这个全球化的项目中，中俄合作，稍稍出现一句法语，两句日语，美国只闪现一次国旗，美国的缺席，出于什么原因?好奇。6.科幻特效技术有了巨大进步，但技术这只是科幻电影的一部分。,还行,2019-02-05
71,可是这跟我帅有, ,中国科幻电影不容易一星鼓励一下。,很差,2019-02-05
72,ドクターフー, ,有吴京的一律一星,很差,2019-02-05
73,檬柠, ,没啥，就是想给一星，贱不贱呐，真的太贱了,很差,2019-02-05
74,Mr. Infamous,北京,很认同且期待中国早该出一部硬核的科幻大片。有大刘的基础，也有郭帆的实力，当然希望《流浪地球》不仅是一部有着震撼工业视效的电影，而且是一部无论在角色塑造、故事内核还是情感共鸣上都属上乘的作品。可惜，“说好要做彼此的天使”等台词以及隋凯等角色不合时宜的低廉笑料，包括抖音等广告的植入，展现了太多妥协与媚俗，明明该记得许多壮阔的天文奇景与末日气象，可脑中最挥之不去的竟然是广播腔的“亲人两行泪”？再加上一些表演的不足，情感的干涩，还是失望的。可对郭帆和中国科幻片，仍会寄予希望，期盼国产科幻片的扛鼎之作，就在不远处。两星半。,较差,2019-01-12
75,Saber, ,"现在国内不管什么只要是有国产这个标签，那他就能躺着赚钱，因为一群人因为国产二字就能去买单，你决不能说他的不是，说就是美分，精日，开除国籍
这部电影，真是暴露了很多国人是多么的双标，剧情不行他们给你吹特效，尼玛要是特效好了剧情可以稀烂那我第一个替变形金刚不服，毕竟变形金刚是美帝用来毒害我们伟大社会主义民众的，这个可是国产的为了我们伟大的中国梦啊！！！",较差,2019-02-05
76,好男人, ,8分，给满分一是为了鼓励中国科幻电影，二是为了气死战狼ptsd的傻13,力荐,2019-02-05
77,后自愈,北京,超乎预想的太多。这的确是一部意义非同寻常的作品，剧本和特效都足够踏实，满满的人文主义关怀让它有了与美国大片截然不同的气质。还有瑕疵，但在其相对华语电影工业和类型高度的巨大飞跃前，这些都不值一提。冰雪覆盖的巨大建筑物、赛博朋克的地下城、“流浪地球计划”的故事构想，这些震撼感官的部分也指向国产科幻片逐渐明晰的未来。,推荐,2019-02-04
78,武侠小王子,江苏南京,厉害了我的太空战狼！你们都说要炸木星，有考虑过朴树老师的感受吗？,推荐,2019-01-29
79,大地, ,"我就问一句现在2019.2.5
8.23分已经1.4万人看过本片评分8.4
疯狂的外星人3.9万人看过没评分
豆瓣出评分机制是怎么个意思啊？",还行,2019-02-05
80,frozenmoon,北京,1.从特效和技术上讲，这应该是迄今为止此类中国电影的巅峰了。磅礴恢宏，细节营造用心。2.故事层面比较糟糕，很好奇到底出于什么原因，造成几乎超过40%的台词都是后配的，而且对不上口型，明显是片子成型后彻底改词重配的。这严重影响故事质量。3.作为类型片，很多讲述方式有明显问题，比如人物特征不鲜明，交代不清楚，刘启变成“刘户口”，这种启字的拆解为什么不交代?李一一变成“李长条”留给谁去猜?4.很多地方增加众多根本无意义的插科打诨，自以为幽默但毫无笑点非常尴尬。5.这个全球化的项目中，中俄合作，稍稍出现一句法语，两句日语，美国只闪现一次国旗，美国的缺席，出于什么原因?好奇。6.科幻特效技术有了巨大进步，但技术这只是科幻电影的一部分。,还行,2019-02-05
81,可是这跟我帅有, ,中国科幻电影不容易一星鼓励一下。,很差,2019-02-05
82,ドクターフー, ,有吴京的一律一星,很差,2019-02-05
83,檬柠, ,没啥，就是想给一星，贱不贱呐，真的太贱了,很差,2019-02-05
84,Mr. Infamous,北京,很认同且期待中国早该出一部硬核的科幻大片。有大刘的基础，也有郭帆的实力，当然希望《流浪地球》不仅是一部有着震撼工业视效的电影，而且是一部无论在角色塑造、故事内核还是情感共鸣上都属上乘的作品。可惜，“说好要做彼此的天使”等台词以及隋凯等角色不合时宜的低廉笑料，包括抖音等广告的植入，展现了太多妥协与媚俗，明明该记得许多壮阔的天文奇景与末日气象，可脑中最挥之不去的竟然是广播腔的“亲人两行泪”？再加上一些表演的不足，情感的干涩，还是失望的。可对郭帆和中国科幻片，仍会寄予希望，期盼国产科幻片的扛鼎之作，就在不远处。两星半。,较差,2019-01-12
85,Saber, ,"现在国内不管什么只要是有国产这个标签，那他就能躺着赚钱，因为一群人因为国产二字就能去买单，你决不能说他的不是，说就是美分，精日，开除国籍
这部电影，真是暴露了很多国人是多么的双标，剧情不行他们给你吹特效，尼玛要是特效好了剧情可以稀烂那我第一个替变形金刚不服，毕竟变形金刚是美帝用来毒害我们伟大社会主义民众的，这个可是国产的为了我们伟大的中国梦啊！！！",较差,2019-02-05
86,好男人, ,8分，给满分一是为了鼓励中国科幻电影，二是为了气死战狼ptsd的傻13,力荐,2019-02-05
87,后自愈,北京,超乎预想的太多。这的确是一部意义非同寻常的作品，剧本和特效都足够踏实，满满的人文主义关怀让它有了与美国大片截然不同的气质。还有瑕疵，但在其相对华语电影工业和类型高度的巨大飞跃前，这些都不值一提。冰雪覆盖的巨大建筑物、赛博朋克的地下城、“流浪地球计划”的故事构想，这些震撼感官的部分也指向国产科幻片逐渐明晰的未来。,推荐,2019-02-04
88,武侠小王子,江苏南京,厉害了我的太空战狼！你们都说要炸木星，有考虑过朴树老师的感受吗？,推荐,2019-01-29
89,大地, ,"我就问一句现在2019.2.5
8.23分已经1.4万人看过本片评分8.4
疯狂的外星人3.9万人看过没评分
豆瓣出评分机制是怎么个意思啊？",还行,2019-02-05
90,汪金卫,北京,“咔嚓一下震天响，来了战狼当球长。带领人类救地球，一场大火没咋地。”能有部特效还看得过去的硬科幻国产片是值得鼓励的，虽步履蹒跚但至少起步了。身为大刘十几年的读者，观影前又读了遍原著，文字的力量依旧让我感动。大刘不像很多中国科幻作家那样有强烈的中国中心观，而是站在全人类高度。但电影只是借用了小说设定，剧情已改编得面目全非，注入了原著不曾有丝毫的民族主义催化剂。映后吴京灵魂提问“月球背面的车是哪个国家造的？”全场高呼“中国！”观众激动表达高涨的爱国情绪与自豪感，让我惊愕不已。电影在台词节奏方面问题不少。吴京的角色设定似曾相识，他在太空翻滚对接高潮戏的配乐也很耳熟，仿佛穿越到五年前三刷《星际穿越》IMAX的那天，忍不住喊出那句经典台词：Come on TARS！,还行,2019-01-29
91,姨妈的鸭,上海,春节期间最大的一场烟花，是看你爸为你和地球点燃的宇宙爆炸，太朋克了。,力荐,2019-02-05
92,时间之葬,北京,绝对当得起“中国第一部硬科幻”的头衔。对大刘小说的影像化改编，可以说远超想象。国产片中极其罕见的具备了庄严的悲剧气质，好几个时刻能让人感到人类在宇宙中那种宿命般的悲壮和无力感，我们能够与之对抗的，只有爱和家庭。看好成为春节档冠军。,推荐,2019-01-20
93,小A,北京,气势恢宏，后半段很震撼。刘慈欣原著没有完整的故事，而是碎片化场景的集合。电影版以原著设定为基础原创了一个故事，有致敬《2001》《地心引力》《2012》《星际穿越》和多部经典动作片灾难片的内容。和《降临》一样在科幻故事架构中表达人文关怀，不再以展现人类科技伟大成就或浩瀚宇宙壮丽神秘作为故事唯一主题，而是以此为基础回归人性，探索架空设定下人类最纯粹的情感。,推荐,2019-01-28
94,那个我, ,电影啊电影，豆瓣啊豆瓣，骗人啊骗人,很差,2019-02-05
95,大瘦瘦,北京,影评千万条，真实第一条；违心不规范，友邻两行泪！,较差,2019-02-05
96,iriselite,上海,作为业余偶尔写科幻小说的我，实在没有写如此庞大体系的能力，顶多写软科幻。真是出乎意料的我国本土科幻大片，背景体系庞大，十足的硬科幻，视觉效果震撼，作为文科生可能对这方面的理论比较难理解。不过本片除了科学理论，还有浓浓的亲情，催泪啊。看完散场以后，要好好的呼吸空气，仰望蓝色天空or星空，感受地球的美好！,推荐,2019-01-28
97,迷眼看青山, ,求求编剧，人类都快失去地球了，生存才是最重要的。请别再bb这点家庭琐事和煽情烂梗。白瞎了刘慈欣原作的宏大主题。,很差,2019-02-05
98,巴伐利亞酒神,上海,优点和缺点都十分突出的电影。先说优点：算得上中国科幻电影的里程碑之作，尤其视觉效果非常出色。红色防护服和大型载货卡车的设计极其出彩，完全击中了我的审美，如果出周边玩具的话一定购买！再说缺点：场面足够宏大了，但有些空。个别台词太尬，个别演技掉线，个别煽情过头。而大刘原著里的那种悲悯，没有表现出来。简言之，流浪地球是一出无法回头的壮烈，一种不抱希望的绝望。苦涩的成分，原本应该大于燃烧的。,推荐,2019-01-28
99,九只苍蝇撞墙,"Montréal, Canada",战天斗地会是历史留给中国人的唯一思想遗产么,null,2019-02-05
100,汪金卫,北京,“咔嚓一下震天响，来了战狼当球长。带领人类救地球，一场大火没咋地。”能有部特效还看得过去的硬科幻国产片是值得鼓励的，虽步履蹒跚但至少起步了。身为大刘十几年的读者，观影前又读了遍原著，文字的力量依旧让我感动。大刘不像很多中国科幻作家那样有强烈的中国中心观，而是站在全人类高度。但电影只是借用了小说设定，剧情已改编得面目全非，注入了原著不曾有丝毫的民族主义催化剂。映后吴京灵魂提问“月球背面的车是哪个国家造的？”全场高呼“中国！”观众激动表达高涨的爱国情绪与自豪感，让我惊愕不已。电影在台词节奏方面问题不少。吴京的角色设定似曾相识，他在太空翻滚对接高潮戏的配乐也很耳熟，仿佛穿越到五年前三刷《星际穿越》IMAX的那天，忍不住喊出那句经典台词：Come on TARS！,还行,2019-01-29
101,姨妈的鸭,上海,春节期间最大的一场烟花，是看你爸为你和地球点燃的宇宙爆炸，太朋克了。,力荐,2019-02-05
102,时间之葬,北京,绝对当得起“中国第一部硬科幻”的头衔。对大刘小说的影像化改编，可以说远超想象。国产片中极其罕见的具备了庄严的悲剧气质，好几个时刻能让人感到人类在宇宙中那种宿命般的悲壮和无力感，我们能够与之对抗的，只有爱和家庭。看好成为春节档冠军。,推荐,2019-01-20
103,小A,北京,气势恢宏，后半段很震撼。刘慈欣原著没有完整的故事，而是碎片化场景的集合。电影版以原著设定为基础原创了一个故事，有致敬《2001》《地心引力》《2012》《星际穿越》和多部经典动作片灾难片的内容。和《降临》一样在科幻故事架构中表达人文关怀，不再以展现人类科技伟大成就或浩瀚宇宙壮丽神秘作为故事唯一主题，而是以此为基础回归人性，探索架空设定下人类最纯粹的情感。,推荐,2019-01-28
104,那个我, ,电影啊电影，豆瓣啊豆瓣，骗人啊骗人,很差,2019-02-05
105,大瘦瘦,北京,影评千万条，真实第一条；违心不规范，友邻两行泪！,较差,2019-02-05
106,iriselite,上海,作为业余偶尔写科幻小说的我，实在没有写如此庞大体系的能力，顶多写软科幻。真是出乎意料的我国本土科幻大片，背景体系庞大，十足的硬科幻，视觉效果震撼，作为文科生可能对这方面的理论比较难理解。不过本片除了科学理论，还有浓浓的亲情，催泪啊。看完散场以后，要好好的呼吸空气，仰望蓝色天空or星空，感受地球的美好！,推荐,2019-01-28
107,迷眼看青山, ,求求编剧，人类都快失去地球了，生存才是最重要的。请别再bb这点家庭琐事和煽情烂梗。白瞎了刘慈欣原作的宏大主题。,很差,2019-02-05
108,巴伐利亞酒神,上海,优点和缺点都十分突出的电影。先说优点：算得上中国科幻电影的里程碑之作，尤其视觉效果非常出色。红色防护服和大型载货卡车的设计极其出彩，完全击中了我的审美，如果出周边玩具的话一定购买！再说缺点：场面足够宏大了，但有些空。个别台词太尬，个别演技掉线，个别煽情过头。而大刘原著里的那种悲悯，没有表现出来。简言之，流浪地球是一出无法回头的壮烈，一种不抱希望的绝望。苦涩的成分，原本应该大于燃烧的。,推荐,2019-01-28
109,九只苍蝇撞墙,"Montréal, Canada",战天斗地会是历史留给中国人的唯一思想遗产么,null,2019-02-05
110,我是幼儿园, ,平衡一下，看完再说,很差,2019-02-05
111,SingLesinger,北京,剧本的节奏处理的极其工整，灵魂黑夜到第三幕的高潮迭起层层堆叠。特效部分也很扎实，美术在好莱坞科幻美学上有很多本土的尝试。最后的太空战狼时刻也并不违和，春节元素也比红海更扣档期主题。希望中国科幻电影好起来。,力荐,2019-01-20
112,AkAPoeeesy, ,楼里某些战狼ptsd式“路人”真是恶臭，且不说民族自尊心（想必也是没有），过年第一天就上赶着恶心别人简直素质盆地,推荐,2019-02-05
113,孟三哥, ,只能说前期宣传太强势导致期望过高，男一演技拖后腿，而且想说本人非常相当不喜欢绑架型宣传的电影，什么中国电影站起来了呀之类的，把期望宣传立意搞那么大，看了只会觉得有落差。不过吴京表现意外不错。,还行,2019-02-05
114,苏妄言,Antigua and Barbuda,这回还真不是吴京的锅，而是整个团队的锅！前半段尴尬，后半段强行撩，导演这剪辑和节奏掌握的都赶上各种笔仙碟仙了，本以为特效会有亮眼的地方，但整个cg效果并不让人满意，与其说这电影是科幻电影，不如说是部人伦片，催泪部分说是为了让科幻片看着不生硬，哎哟我去，这一催，更尴尬了！演技担当也就达叔了！所以一星我真的给得尽力了！,很差,2019-02-05
115,VKA*灬君君,广东深圳,呵呵了，凭什么要给高分？四星五星的能不能客观真实一点！,很差,2019-02-05
116,471, ,"已经很好了
还有没看过的死🐴玩意就不要来评分了",力荐,2019-02-05
117,Syg💙ZS,"Roma, Italy",盗我账号标记想看？可以。,很差,2019-02-06
118,王大根,北京,真的是国产科幻片里前所未有的级别了，可以说是太空版的《红海行动》，不论是优点还是缺点，都完全是想象中刘慈欣小说拍成电影时该有的感觉。吴京这把还真的不战狼，战狼魂都传给儿子了，不过他和屈楚萧又不太父子，更像是什么养成系gay couple……,推荐,2019-02-05
119,小姬,北京,"在西安看完零点场，上座率好得惊人，观众素质极高，我隔壁的哥们（不认识）在电影结束的那一刻对着郭帆的名字大叫一声“牛逼！”
第三次看了，还是看哭了，我看到了一个未来，那就是《流浪地球》会成为星战那样延续几十年的经典系列，几十年后，我会在电影院看到地球抵达半人马座阿尔法星，也就是三体星系，冰融化成水，人类的孩子在贝加尔湖畔钓鱼。而我们这一代人垂垂老矣，在影院里默默流泪，更多的年轻人因此爱上科幻。",力荐,2019-01-20
120,我是幼儿园, ,平衡一下，看完再说,很差,2019-02-05
121,SingLesinger,北京,剧本的节奏处理的极其工整，灵魂黑夜到第三幕的高潮迭起层层堆叠。特效部分也很扎实，美术在好莱坞科幻美学上有很多本土的尝试。最后的太空战狼时刻也并不违和，春节元素也比红海更扣档期主题。希望中国科幻电影好起来。,力荐,2019-01-20
122,AkAPoeeesy, ,楼里某些战狼ptsd式“路人”真是恶臭，且不说民族自尊心（想必也是没有），过年第一天就上赶着恶心别人简直素质盆地,推荐,2019-02-05
123,孟三哥, ,只能说前期宣传太强势导致期望过高，男一演技拖后腿，而且想说本人非常相当不喜欢绑架型宣传的电影，什么中国电影站起来了呀之类的，把期望宣传立意搞那么大，看了只会觉得有落差。不过吴京表现意外不错。,还行,2019-02-05
124,苏妄言,Antigua and Barbuda,这回还真不是吴京的锅，而是整个团队的锅！前半段尴尬，后半段强行撩，导演这剪辑和节奏掌握的都赶上各种笔仙碟仙了，本以为特效会有亮眼的地方，但整个cg效果并不让人满意，与其说这电影是科幻电影，不如说是部人伦片，催泪部分说是为了让科幻片看着不生硬，哎哟我去，这一催，更尴尬了！演技担当也就达叔了！所以一星我真的给得尽力了！,很差,2019-02-05
125,VKA*灬君君,广东深圳,呵呵了，凭什么要给高分？四星五星的能不能客观真实一点！,很差,2019-02-05
126,471, ,"已经很好了
还有没看过的死🐴玩意就不要来评分了",力荐,2019-02-05
127,Syg💙ZS,"Roma, Italy",盗我账号标记想看？可以。,很差,2019-02-06
128,王大根,北京,真的是国产科幻片里前所未有的级别了，可以说是太空版的《红海行动》，不论是优点还是缺点，都完全是想象中刘慈欣小说拍成电影时该有的感觉。吴京这把还真的不战狼，战狼魂都传给儿子了，不过他和屈楚萧又不太父子，更像是什么养成系gay couple……,推荐,2019-02-05
129,小姬,北京,"在西安看完零点场，上座率好得惊人，观众素质极高，我隔壁的哥们（不认识）在电影结束的那一刻对着郭帆的名字大叫一声“牛逼！”
第三次看了，还是看哭了，我看到了一个未来，那就是《流浪地球》会成为星战那样延续几十年的经典系列，几十年后，我会在电影院看到地球抵达半人马座阿尔法星，也就是三体星系，冰融化成水，人类的孩子在贝加尔湖畔钓鱼。而我们这一代人垂垂老矣，在影院里默默流泪，更多的年轻人因此爱上科幻。",力荐,2019-01-20
130,[已注销], ,"创意三分，剧情零分，其他零分。
拯救地球如果靠一个临时点子能够实现，全球的聪明人和科学家都可以去死了。被否定的方案能够实现，说明以前的预演就是放屁，可靠性，可行性是怎么验证的。科幻并不缺乏大场面的制作，虽然早已审美疲劳了，最大问题是脑残的剧情，它和你讲情怀和想象，我只能摇摇头。战狼京出现的违和感，让我有点想起当年芮成钢的名言“我代表亚洲”？莫名其妙的自以为是的所谓政治正确和愚蠢下作的接地气，除了画面科幻，就一意淫片。还有，并不是讲国内出了个能看的科幻片就必须鼓励大于批评给个五分，咱们不批评他们这水平几年内估计一个鸟样，得对得起电影票吧，得有点追求吧？",还行,2019-02-05
131,吉姆先森,四川成都,先打个1猩平衡一下再说,很差,2019-02-05
132,顿河,北京,一定会有人来较真儿，不过尔尔。但就是喜欢以及尊敬。人类有两只眼睛，既要关注当下，也要眺望远方。赶长路总得看得远些，多点夸父追日的浪漫，就能多点愚公移山的可能。【流浪地球】是个不断在两个坏的结果里做选择的故事，希望是唯一的标准。说是科幻元年，意味着一片荒芜百废待兴，而出发的决心和勇气，赢得的将不只是尊重，因为今天就是明天的昨天。最喜欢片尾的那段话，我们是个缺乏谈论普世价值基础的社会，但希望和勇气，总是可以也应该说的吧。,力荐,2019-01-29
133,大奇特(Grinch),北京,拍摄的角度来说可以了，美术、特效一大进步，不足还有很多。原著的概念改成宏大视角下的舍小家顾大家……旋律也就跟着正了。给予观众的解释太多，赋予观众的想象太少，过多展现特效，缺少对人物功能、动机上的铺垫，以及镜头切太快，细节有缺失。年轻演员整体太差（尤其那个程序员），放了几个很基础的致敬元素（如“HAL9000”的莫斯，陀螺钥匙扣等等），行吧。,null,2019-01-28
134,欢乐分裂,上海,2.5；首先是宏大设定题材的胜利，木星的壮阔斑斓与荒原废土视效展现的工业制作水准有惊喜，让人仿佛窥见国产科幻的春天微光；不少模仿痕迹，“莫斯”堪称全知型的“哈尔”。然而缺点亦同样显露无疑，不谈科学原理的硬核度是否经打，我首先非常反感在号称「硬」科幻的影片里乱塞情感强煽，套路化的美式个人英雄在社会主义「高大全」特色美学旗帜下，显得尴尬无比；自以为是的幽默和废话连连的台词，经过尬演滤镜折射，以及全程满溢的配乐，愈发让人出戏。全片最神奇的还是混乱而粗暴的剪辑，很多关键场景被处理得莫名其妙不知所以，甚至出现情节的跳跃。,还行,2019-02-05
135,歘思特, ,可以看，故事是个好故事，设定也挺有意思，就是演员演技尬，弱智情节多，节奏太慢，前面比较没意思，我总感觉吴京非常适合拍拍快手，拍那种一本正经尴的东西，效果绝对好，男主角也是个铁傻逼，姥爷都快死了，还在那老东西，老东西的逼叫，你叫你马呢？主角全程一直装逼，人物塑造的感觉就像是电视剧和动画片的感觉,还行,2019-02-05
136,等一个人, ,就这还要拿春节档冠军？,很差,2019-02-05
137,欧兜拜, ,为什么我总感觉很多评论很官方般客套，像机器人一般毫无个人感情的夸耀这部作品，并且还会被很多人点赞，此时此刻我觉得有点慌,较差,2019-02-05
138,天亮天黑,北京,看《流浪地球》的过程中，眼前依次浮现出《后天》《2012》《星际穿越》，出乎意料地，完全不输好莱坞的后期特效。作为2000年就开始在《科幻世界》的银河奖征文里追随大刘的读者，这部电影可以说是比较让人自豪了。《红海行动》在2018年票房有多好，《流浪地球》就有可能卖多少。,推荐,2019-01-28
139,朝阳区妻夫木聪,北京,很复杂的观感，即便能说出这个片子的一百个不足，比如本土化的台词过于刻意、比如有点想当然的剧情、比如一根筋式的人物塑造、比如结尾处站在宇宙中心用爱发电的廉价煽情等等，但是情感上还是有被打动到。看的过程中一度想到人类的伟大与渺小，也穿越到Interstellar结尾安妮一个人孤寂的神情，甚至还想起了奇葩说里大美玲说的那个“有后东”和“无后米”的故事。其实本质上还是在用硬科幻的外壳包裹人类共通的情感联系，“选择回家”or“选择远方”这样的议题放在影片的语境中显得更具现实意义，也显得更加在地；而宿命的荒凉感和对希望的执着企盼，在顶级工业水准的加持下也散发着动人的色彩。这颗在黑暗宇宙中摸索前行的小小星球，承载着人类多少厚重的能量，一想到就觉得震颤不已。中国科幻电影第一步，走得确实不容易，三星半鼓励。,推荐,2019-01-28
140,[已注销], ,"创意三分，剧情零分，其他零分。
拯救地球如果靠一个临时点子能够实现，全球的聪明人和科学家都可以去死了。被否定的方案能够实现，说明以前的预演就是放屁，可靠性，可行性是怎么验证的。科幻并不缺乏大场面的制作，虽然早已审美疲劳了，最大问题是脑残的剧情，它和你讲情怀和想象，我只能摇摇头。战狼京出现的违和感，让我有点想起当年芮成钢的名言“我代表亚洲”？莫名其妙的自以为是的所谓政治正确和愚蠢下作的接地气，除了画面科幻，就一意淫片。还有，并不是讲国内出了个能看的科幻片就必须鼓励大于批评给个五分，咱们不批评他们这水平几年内估计一个鸟样，得对得起电影票吧，得有点追求吧？",还行,2019-02-05
141,吉姆先森,四川成都,先打个1猩平衡一下再说,很差,2019-02-05
142,顿河,北京,一定会有人来较真儿，不过尔尔。但就是喜欢以及尊敬。人类有两只眼睛，既要关注当下，也要眺望远方。赶长路总得看得远些，多点夸父追日的浪漫，就能多点愚公移山的可能。【流浪地球】是个不断在两个坏的结果里做选择的故事，希望是唯一的标准。说是科幻元年，意味着一片荒芜百废待兴，而出发的决心和勇气，赢得的将不只是尊重，因为今天就是明天的昨天。最喜欢片尾的那段话，我们是个缺乏谈论普世价值基础的社会，但希望和勇气，总是可以也应该说的吧。,力荐,2019-01-29
143,大奇特(Grinch),北京,拍摄的角度来说可以了，美术、特效一大进步，不足还有很多。原著的概念改成宏大视角下的舍小家顾大家……旋律也就跟着正了。给予观众的解释太多，赋予观众的想象太少，过多展现特效，缺少对人物功能、动机上的铺垫，以及镜头切太快，细节有缺失。年轻演员整体太差（尤其那个程序员），放了几个很基础的致敬元素（如“HAL9000”的莫斯，陀螺钥匙扣等等），行吧。,null,2019-01-28
144,欢乐分裂,上海,2.5；首先是宏大设定题材的胜利，木星的壮阔斑斓与荒原废土视效展现的工业制作水准有惊喜，让人仿佛窥见国产科幻的春天微光；不少模仿痕迹，“莫斯”堪称全知型的“哈尔”。然而缺点亦同样显露无疑，不谈科学原理的硬核度是否经打，我首先非常反感在号称「硬」科幻的影片里乱塞情感强煽，套路化的美式个人英雄在社会主义「高大全」特色美学旗帜下，显得尴尬无比；自以为是的幽默和废话连连的台词，经过尬演滤镜折射，以及全程满溢的配乐，愈发让人出戏。全片最神奇的还是混乱而粗暴的剪辑，很多关键场景被处理得莫名其妙不知所以，甚至出现情节的跳跃。,还行,2019-02-05
145,歘思特, ,可以看，故事是个好故事，设定也挺有意思，就是演员演技尬，弱智情节多，节奏太慢，前面比较没意思，我总感觉吴京非常适合拍拍快手，拍那种一本正经尴的东西，效果绝对好，男主角也是个铁傻逼，姥爷都快死了，还在那老东西，老东西的逼叫，你叫你马呢？主角全程一直装逼，人物塑造的感觉就像是电视剧和动画片的感觉,还行,2019-02-05
146,等一个人, ,就这还要拿春节档冠军？,很差,2019-02-05
147,欧兜拜, ,为什么我总感觉很多评论很官方般客套，像机器人一般毫无个人感情的夸耀这部作品，并且还会被很多人点赞，此时此刻我觉得有点慌,较差,2019-02-05
148,天亮天黑,北京,看《流浪地球》的过程中，眼前依次浮现出《后天》《2012》《星际穿越》，出乎意料地，完全不输好莱坞的后期特效。作为2000年就开始在《科幻世界》的银河奖征文里追随大刘的读者，这部电影可以说是比较让人自豪了。《红海行动》在2018年票房有多好，《流浪地球》就有可能卖多少。,推荐,2019-01-28
149,朝阳区妻夫木聪,北京,很复杂的观感，即便能说出这个片子的一百个不足，比如本土化的台词过于刻意、比如有点想当然的剧情、比如一根筋式的人物塑造、比如结尾处站在宇宙中心用爱发电的廉价煽情等等，但是情感上还是有被打动到。看的过程中一度想到人类的伟大与渺小，也穿越到Interstellar结尾安妮一个人孤寂的神情，甚至还想起了奇葩说里大美玲说的那个“有后东”和“无后米”的故事。其实本质上还是在用硬科幻的外壳包裹人类共通的情感联系，“选择回家”or“选择远方”这样的议题放在影片的语境中显得更具现实意义，也显得更加在地；而宿命的荒凉感和对希望的执着企盼，在顶级工业水准的加持下也散发着动人的色彩。这颗在黑暗宇宙中摸索前行的小小星球，承载着人类多少厚重的能量，一想到就觉得震颤不已。中国科幻电影第一步，走得确实不容易，三星半鼓励。,推荐,2019-01-28
150,湫🐔, ,恶意差评的人祝愿您全家暴毙长江，不暴毙不是亲生的。,力荐,2019-02-05
151,阿暖,北京,史诗感不是靠狂轰滥炸的煽情就可以做到的，这部电影的双线叙事做得太糙、太散、太自我陶醉了。最可怕的是，这依然是一个中国式寓言：长辈们大爱无言，前仆后继地自我牺牲；年轻人们任性叛逆、自以为是，又总能踏着祖辈的鲜血苟活下来。让人细思极恐的价值观。如果说中国科幻值得鼓励的话，及格已经是最好的鼓励了。,还行,2019-01-29
152,咸鱼, ,我寻思着无脑打一星的人真是又蠢又坏 春节就不骂人了,推荐,2019-02-05
153,刘小黛,江苏无锡,剧作短板，特效完美，演员优秀，逻辑还是完全经不起推销。地球离太阳最后的距离还不得冻成一个冰球？一个女孩的中学获奖感言感动全人类，几个毛孩拯救地球，中国宇航员牺牲自我其他国家的都是休眠待毙，其实主题和战狼一模一样。原小说就是个体量不充沛的概念框架，改编影像困难。当然对整体工业水准有推进，什么时候能消除国别差异，关注个体，展露基本人性原生态，再搭配科幻质感，并且还能上映。,还行,2019-02-05
154,Captain,北京,吴京劝退。,null,2019-02-05
155,happyltj, ,没看，想到这姓吴的就恶心，滚！,很差,2019-02-05
156,灬安东尼灬, ,矫情 做作 一大群尬吹 有意思？,很差,2019-02-05
157,Madison,"London, United Kingdom",在国产电影上的里程碑意义值得一个五星，制作与国际一流接轨，故事的史诗感甚至是21世纪科幻电影中数一数二的，为此也真的可以忽略前半程剧本的略微混乱。最后一幕真的炸了，情感牌打得好，史诗感也做足了，吴京的戏份虽然不多，但都在关键点上，最后一场戏也是煽的恰到好处，忘掉他是战狼吧，人家这次拯救全人类了。,力荐,2019-01-27
158,变形的文科生,北京,"作为科幻迷来说，挺失望的，想打两星，充其量就是个好莱坞平庸水准的太空灾难片。完全没有预期中的超级震撼感，因为本片其实谈不上想象力，画面、情节很多都是经典/知名科幻片的移植，甚至没有自己的风格，纯粹就是一个砸钱的工业特效大片，看不到任何新东西，无法让你产生那种神秘宇宙探索的敬畏与致密吸引力，如果你是看过很多科幻片的科幻迷，你压根不会为任何一个画面或者情节感到激动甚至颤抖。
作为一名中国观众，就觉得还是可以给三星半吧，毕竟起码特效水平是上去了，在好莱坞面前起码不会显得太low。总体而言，这与我预期中的那种充满人文、科学智慧与审美的高级科幻片，还是差了十万八千里。再次感叹，库布里克是真的牛逼，老雷是多么值得跪拜，诺兰也真的是无可替代啊！",还行,2019-01-28
159,科林,上海,2019尚未开春，但我预言年底各家媒体盘点，一定会把“吴京失重飘零的泪水”一幕计入年度最美镜头之列。,推荐,2019-01-29
160,湫🐔, ,恶意差评的人祝愿您全家暴毙长江，不暴毙不是亲生的。,力荐,2019-02-05
161,阿暖,北京,史诗感不是靠狂轰滥炸的煽情就可以做到的，这部电影的双线叙事做得太糙、太散、太自我陶醉了。最可怕的是，这依然是一个中国式寓言：长辈们大爱无言，前仆后继地自我牺牲；年轻人们任性叛逆、自以为是，又总能踏着祖辈的鲜血苟活下来。让人细思极恐的价值观。如果说中国科幻值得鼓励的话，及格已经是最好的鼓励了。,还行,2019-01-29
162,咸鱼, ,我寻思着无脑打一星的人真是又蠢又坏 春节就不骂人了,推荐,2019-02-05
163,刘小黛,江苏无锡,剧作短板，特效完美，演员优秀，逻辑还是完全经不起推销。地球离太阳最后的距离还不得冻成一个冰球？一个女孩的中学获奖感言感动全人类，几个毛孩拯救地球，中国宇航员牺牲自我其他国家的都是休眠待毙，其实主题和战狼一模一样。原小说就是个体量不充沛的概念框架，改编影像困难。当然对整体工业水准有推进，什么时候能消除国别差异，关注个体，展露基本人性原生态，再搭配科幻质感，并且还能上映。,还行,2019-02-05
164,Captain,北京,吴京劝退。,null,2019-02-05
165,happyltj, ,没看，想到这姓吴的就恶心，滚！,很差,2019-02-05
166,灬安东尼灬, ,矫情 做作 一大群尬吹 有意思？,很差,2019-02-05
167,Madison,"London, United Kingdom",在国产电影上的里程碑意义值得一个五星，制作与国际一流接轨，故事的史诗感甚至是21世纪科幻电影中数一数二的，为此也真的可以忽略前半程剧本的略微混乱。最后一幕真的炸了，情感牌打得好，史诗感也做足了，吴京的戏份虽然不多，但都在关键点上，最后一场戏也是煽的恰到好处，忘掉他是战狼吧，人家这次拯救全人类了。,力荐,2019-01-27
168,变形的文科生,北京,"作为科幻迷来说，挺失望的，想打两星，充其量就是个好莱坞平庸水准的太空灾难片。完全没有预期中的超级震撼感，因为本片其实谈不上想象力，画面、情节很多都是经典/知名科幻片的移植，甚至没有自己的风格，纯粹就是一个砸钱的工业特效大片，看不到任何新东西，无法让你产生那种神秘宇宙探索的敬畏与致密吸引力，如果你是看过很多科幻片的科幻迷，你压根不会为任何一个画面或者情节感到激动甚至颤抖。
作为一名中国观众，就觉得还是可以给三星半吧，毕竟起码特效水平是上去了，在好莱坞面前起码不会显得太low。总体而言，这与我预期中的那种充满人文、科学智慧与审美的高级科幻片，还是差了十万八千里。再次感叹，库布里克是真的牛逼，老雷是多么值得跪拜，诺兰也真的是无可替代啊！",还行,2019-01-28
169,科林,上海,2019尚未开春，但我预言年底各家媒体盘点，一定会把“吴京失重飘零的泪水”一幕计入年度最美镜头之列。,推荐,2019-01-29
170,帕罗西汀,北京,"1.80%末日灾难+19.9%太空歌剧+0.1%赛博朋克，执行不可能完成的任务。从世界观打造和特效来说比预期好太多，小毛病有，大方向是国产科幻片的一次突破。

2.同声传译、春季设定这些点考虑得很细致，甚至很多点感动到了我，但是节奏有问题，煽情点太多，这个情绪还没推向高潮，紧接着来了别的。饰演朵朵的演员的演技、电影台词太差了，每次旁白出现我都希望他闭嘴。总体值得鼓励。

3.郭帆自己也说，本来想参考《星际穿越》，结果发现“美学上想要达到中国观众语境的包装太难了”，所以在实际操作中，最有参考价值的是《银翼杀手》。因此观众能发现地下城的景观是有赛博朋克影子的，但郭帆把它本土化得很好，没有香港的感觉，更内地。“亲人两行泪”是个惊喜点。",null,2019-01-11
171,gespenst,"Harare (Salisbury), Zimbabwe",其實是這樣的，某國一直以來都處於一種動員體制下，導致人們漸漸把一種反日常的生活“活出了人味”，這部電影無非也想以此標榜，只不過他們還沒有嚐到大洪水的滋味罷叻⋯⋯,很差,2019-02-06
172,风间隼,北京,看预告片以为是个高概念低成本作品，想不到超出预期。情节热血，想象奇伟，画面瑰丽，是个完成度很高的硬核科幻电影。这大概是中国人第一次在银幕上领导全人类拯救世界，让我一句话概括剧情的话就是“烟花爆竹救地球”。关于他者的刻板印象不少，是以后需要多借鉴人类学的地方。让我最感兴趣的是我们终于可以自己拍灾难末日场面了，这本身就打开了设想另一种社会秩序的大门。缺点主要是设定未臻圆满，叙事轻重偏颇，但毕竟这是中国科幻片的一个新起点，值得高兴！,推荐,2019-01-20
173,HappyV, ,电影院椅子不舒服,很差,2019-02-06
174,你喜欢打篮球么, ,alexia233333你这个流浪粉不要脸了，给地球五星，还给新喜无脑一星。我这个一星就是对你的报复。,很差,2019-02-05
175,★☆☆☆☆,关注此人,"一星不是给这部电影，而是给那些太空战狼。
看到我十几个友邻因为给了中差评就被一群战狼电话和短信骚扰，真恶心！凭什么？你们算什么东西？
我就偏要打一星气死你们。
要是向你们这种（坨）纳粹法西斯鬼子屈服，老子就不是中国人。",很差,2019-02-06
176,黑狗成,上海,多处致敬卡朋特和库布里克，算小京喜。,推荐,2019-01-28
177,Xaviera,广东广州,特效确实值得赞，也确实是翻开了国产科幻片的新篇章，毕竟看了会有“其实我们也能做到”的骄傲，但对于“科幻元年”持保留意见。剧本仍然是硬伤，大部分人物没有立得起来，人物行为动机和转折几乎没有逻辑背景驱动可言，煽情位置都非常明显所以很尴尬，而且从人物设定就知道人物的作用甚至生死，就算导演特意淡化个人英雄主义，却仍然很多金手指，到后半部分WJ出舱后剧情开始崩盘，加上你根本猜都不用猜就能知道的结局，所以毫无紧张感，更别说共情了，赞同评论那句“硬要科幻和硬科幻是两回事”，但国产科幻片以此为开端，以后的发展是可以期待的。,还行,2019-01-29
178,皮革业,北京,在符合国情许可的幻想大前提下，渲染家园家国乃至家球情怀之外，难得地讲了一个少年救世界的未来故事，也算是一种有中国特色的中二。,还行,2019-01-29
179,苍山古井空对月,关注此人,"三星是鼓励国产分，最直观的感受是看完第一遍之后没有二刷的想法。
首先我觉得角色塑造得不讨喜，男主角无法让我产生认同，像个任性的小孩子，没有大局观。他和救援队之间的电车难题矛盾轻描淡写地忽略了。
第二是影片对于摆脱麻烦困境的过程太省略了，只有开头出现麻烦，然后就到结果让你知道摆脱了麻烦，中间的过程我不知道是怎么样的，如此一来就没了紧张感，成了流水账叙事。
还有，演讲光靠煽情讲道理而不讲救援计划，嘴炮拯救世界，实在是很难接受。",还行,2019-02-05
180,帕罗西汀,北京,"1.80%末日灾难+19.9%太空歌剧+0.1%赛博朋克，执行不可能完成的任务。从世界观打造和特效来说比预期好太多，小毛病有，大方向是国产科幻片的一次突破。

2.同声传译、春季设定这些点考虑得很细致，甚至很多点感动到了我，但是节奏有问题，煽情点太多，这个情绪还没推向高潮，紧接着来了别的。饰演朵朵的演员的演技、电影台词太差了，每次旁白出现我都希望他闭嘴。总体值得鼓励。

3.郭帆自己也说，本来想参考《星际穿越》，结果发现“美学上想要达到中国观众语境的包装太难了”，所以在实际操作中，最有参考价值的是《银翼杀手》。因此观众能发现地下城的景观是有赛博朋克影子的，但郭帆把它本土化得很好，没有香港的感觉，更内地。“亲人两行泪”是个惊喜点。",null,2019-01-11
181,gespenst,"Harare (Salisbury), Zimbabwe",其實是這樣的，某國一直以來都處於一種動員體制下，導致人們漸漸把一種反日常的生活“活出了人味”，這部電影無非也想以此標榜，只不過他們還沒有嚐到大洪水的滋味罷叻⋯⋯,很差,2019-02-06
182,风间隼,北京,看预告片以为是个高概念低成本作品，想不到超出预期。情节热血，想象奇伟，画面瑰丽，是个完成度很高的硬核科幻电影。这大概是中国人第一次在银幕上领导全人类拯救世界，让我一句话概括剧情的话就是“烟花爆竹救地球”。关于他者的刻板印象不少，是以后需要多借鉴人类学的地方。让我最感兴趣的是我们终于可以自己拍灾难末日场面了，这本身就打开了设想另一种社会秩序的大门。缺点主要是设定未臻圆满，叙事轻重偏颇，但毕竟这是中国科幻片的一个新起点，值得高兴！,推荐,2019-01-20
183,HappyV, ,电影院椅子不舒服,很差,2019-02-06
184,你喜欢打篮球么, ,alexia233333你这个流浪粉不要脸了，给地球五星，还给新喜无脑一星。我这个一星就是对你的报复。,很差,2019-02-05
185,★☆☆☆☆,关注此人,"一星不是给这部电影，而是给那些太空战狼。
看到我十几个友邻因为给了中差评就被一群战狼电话和短信骚扰，真恶心！凭什么？你们算什么东西？
我就偏要打一星气死你们。
要是向你们这种（坨）纳粹法西斯鬼子屈服，老子就不是中国人。",很差,2019-02-06
186,黑狗成,上海,多处致敬卡朋特和库布里克，算小京喜。,推荐,2019-01-28
187,Xaviera,广东广州,特效确实值得赞，也确实是翻开了国产科幻片的新篇章，毕竟看了会有“其实我们也能做到”的骄傲，但对于“科幻元年”持保留意见。剧本仍然是硬伤，大部分人物没有立得起来，人物行为动机和转折几乎没有逻辑背景驱动可言，煽情位置都非常明显所以很尴尬，而且从人物设定就知道人物的作用甚至生死，就算导演特意淡化个人英雄主义，却仍然很多金手指，到后半部分WJ出舱后剧情开始崩盘，加上你根本猜都不用猜就能知道的结局，所以毫无紧张感，更别说共情了，赞同评论那句“硬要科幻和硬科幻是两回事”，但国产科幻片以此为开端，以后的发展是可以期待的。,还行,2019-01-29
188,皮革业,北京,在符合国情许可的幻想大前提下，渲染家园家国乃至家球情怀之外，难得地讲了一个少年救世界的未来故事，也算是一种有中国特色的中二。,还行,2019-01-29
189,苍山古井空对月,关注此人,"三星是鼓励国产分，最直观的感受是看完第一遍之后没有二刷的想法。
首先我觉得角色塑造得不讨喜，男主角无法让我产生认同，像个任性的小孩子，没有大局观。他和救援队之间的电车难题矛盾轻描淡写地忽略了。
第二是影片对于摆脱麻烦困境的过程太省略了，只有开头出现麻烦，然后就到结果让你知道摆脱了麻烦，中间的过程我不知道是怎么样的，如此一来就没了紧张感，成了流水账叙事。
还有，演讲光靠煽情讲道理而不讲救援计划，嘴炮拯救世界，实在是很难接受。",还行,2019-02-05
190,恶魔的步调,浙江台州,三点：一这是部献给程序员的影片；二是如果能改造一下，音乐其实是可以再加持一下的；三是，这根本是把刘慈欣拍成新海诚了嘛（不过想想其实差别也没那么大）。,推荐,2019-02-05
191,KoeniXxey Yoncé, ,无茎在就是1星,很差,2019-02-05
192,江寒园,陕西西安,"1. 煽情、尴尬与生硬并存。
2.主要是2001太空漫游（太空戏）和罗兰.艾默里奇灾难类型剧情结构的杂糅。如「后天」里宏观视角和家庭线小视角的结合，但处理地太生硬。尤其地面刘启这条线一开始就给这么多镜头叙事实在是缺乏内在矛盾驱动力。
3.不论是外星人里的查拉图斯特拉如是说，还是流浪地球里的MOSS，都是在致敬2001太空奥德赛。
4. 看到吴京的圣母操作——我想念章北海了。
5. 客观是2.5星，鼓励是三星，但现在显然鼓励太多了，有捧杀的可能。大刘的想象力设定就值四星，很多人的赞美也都是冲着这个去的，但是——恕我直言，这个电影的一切从剧作到表演，剪辑，都是两星水准。
6，这俩孩子表演太差劲，尤其刘启，那种生硬对冲尴尬得直逼李易峰在老炮儿里的演技。儿子表演全靠吼。
目前评分虚高。太多",较差,2019-02-05
193,徐若风,浙江杭州,"超过预期。《流浪地球》的确开启了中国科幻片和灾难片的新纪元，无论是在哪一坐标中进行比对。虽然我们并非是一直都没有所谓的科幻电影，但其中的大多都不是工业化、硬科幻的路子。
《流浪地球》则在概念和执行上都达到了这一标准，特效技术、工整剧作、演员所合力营造出的氛围都很对。它代表的，是华语科幻电影的一个“关键转折点”。
从原著角度而言，这是一个带着孤独感的故事。电影采用了小说中的整体设定，但故事与人物有了新的创造，且塑造了很好的主题，即对乡土情结的回归和牺牲精神。",推荐,2019-02-05
194,minus273,青海海西,public service一星,很差,2019-02-06
195,懒懒,广东广州,就真的，三分不能再多了。我很失望😞电影改编得面目全非。刘慈欣最精彩的是他的科幻的形吗，是吧，但除了他恢弘的宇宙想象外，更精彩的是对人性的洞悉和对社会形态的观察力。这些电影全都自我阉割，根本没打算要拍，即使自我降维打算拍成美式爆米花电影，却又连故事都讲不好，硬挤尴尬地笑点和煽情，人物全都莫名其妙的缺发动机。书中有侧面描写过为什么最终计划倾向于地球派而不是飞船派，电影连这一茬都不打算提，难道没看过原著的人不会困惑为什么要拖着个大地球满宇宙跑而不是靠飞船高效移居吗？连爆米花电影的水准都做不到，为刘慈欣不值，可别再想着拍三体了吧[微笑]最后居然还改成吴战狼的个人英雄主义，吐了，真的。,很差,2019-02-05
196,camus,广东深圳,如果不是战狼京演可能会好一点,推荐,2019-02-05
197,内有恶犬,北京,好莱坞式主线剧情之下是大刘原著赋予的浓黑的绝望，生命的温度在茫茫宇宙面前从来就没有过姓名。尽管起步晚，但《流浪地球》一出，中国科幻电影的起点也算不低了。（春节元素不多不少，太空大炮仗是对贺岁档最深沉的爱。）,推荐,2019-01-28
198,西帕克,上海,流浪地球这个科幻设定非常浪漫，但执行起来却有点网飞网大的感觉。人物多且不深入，主线基本就是一场没规划的救援。导演既想做的温情，又想做一点悬疑，但两头落空。其实，这个设定可挖掘的地方很多，毕竟计划刚开始就要杀死一半的地球人，如何选择取舍其实非常艰难，之后的社会也更应该沉浸在悲伤和自责中，而不仅仅是如今的猎奇和救援。只关注科学的那一面，而略过或简化人性的那一面，难道中国科幻的最高追求只能是爽片吗？,较差,2019-02-06
199,椟月明人,北京,作为一部科幻片两星半，作为郭帆的第二部片子四星,推荐,2019-02-06
200,恶魔的步调,浙江台州,三点：一这是部献给程序员的影片；二是如果能改造一下，音乐其实是可以再加持一下的；三是，这根本是把刘慈欣拍成新海诚了嘛（不过想想其实差别也没那么大）。,推荐,2019-02-05
201,KoeniXxey Yoncé, ,无茎在就是1星,很差,2019-02-05
202,江寒园,陕西西安,"1. 煽情、尴尬与生硬并存。
2.主要是2001太空漫游（太空戏）和罗兰.艾默里奇灾难类型剧情结构的杂糅。如「后天」里宏观视角和家庭线小视角的结合，但处理地太生硬。尤其地面刘启这条线一开始就给这么多镜头叙事实在是缺乏内在矛盾驱动力。
3.不论是外星人里的查拉图斯特拉如是说，还是流浪地球里的MOSS，都是在致敬2001太空奥德赛。
4. 看到吴京的圣母操作——我想念章北海了。
5. 客观是2.5星，鼓励是三星，但现在显然鼓励太多了，有捧杀的可能。大刘的想象力设定就值四星，很多人的赞美也都是冲着这个去的，但是——恕我直言，这个电影的一切从剧作到表演，剪辑，都是两星水准。
6，这俩孩子表演太差劲，尤其刘启，那种生硬对冲尴尬得直逼李易峰在老炮儿里的演技。儿子表演全靠吼。


目前评分虚高。太多",较差,2019-02-05
203,徐若风,浙江杭州,"超过预期。《流浪地球》的确开启了中国科幻片和灾难片的新纪元，无论是在哪一坐标中进行比对。虽然我们并非是一直都没有所谓的科幻电影，但其中的大多都不是工业化、硬科幻的路子。
《流浪地球》则在概念和执行上都达到了这一标准，特效技术、工整剧作、演员所合力营造出的氛围都很对。它代表的，是华语科幻电影的一个“关键转折点”。
从原著角度而言，这是一个带着孤独感的故事。电影采用了小说中的整体设定，但故事与人物有了新的创造，且塑造了很好的主题，即对乡土情结的回归和牺牲精神。",推荐,2019-02-05
204,minus273,青海海西,public service一星,很差,2019-02-06
205,懒懒,广东广州,就真的，三分不能再多了。我很失望😞电影改编得面目全非。刘慈欣最精彩的是他的科幻的形吗，是吧，但除了他恢弘的宇宙想象外，更精彩的是对人性的洞悉和对社会形态的观察力。这些电影全都自我阉割，根本没打算要拍，即使自我降维打算拍成美式爆米花电影，却又连故事都讲不好，硬挤尴尬地笑点和煽情，人物全都莫名其妙的缺发动机。书中有侧面描写过为什么最终计划倾向于地球派而不是飞船派，电影连这一茬都不打算提，难道没看过原著的人不会困惑为什么要拖着个大地球满宇宙跑而不是靠飞船高效移居吗？连爆米花电影的水准都做不到，为刘慈欣不值，可别再想着拍三体了吧[微笑]最后居然还改成吴战狼的个人英雄主义，吐了，真的。,很差,2019-02-05
206,camus,广东深圳,如果不是战狼京演可能会好一点,推荐,2019-02-05
207,内有恶犬,北京,好莱坞式主线剧情之下是大刘原著赋予的浓黑的绝望，生命的温度在茫茫宇宙面前从来就没有过姓名。尽管起步晚，但《流浪地球》一出，中国科幻电影的起点也算不低了。（春节元素不多不少，太空大炮仗是对贺岁档最深沉的爱。）,推荐,2019-01-28
208,西帕克,上海,流浪地球这个科幻设定非常浪漫，但执行起来却有点网飞网大的感觉。人物多且不深入，主线基本就是一场没规划的救援。导演既想做的温情，又想做一点悬疑，但两头落空。其实，这个设定可挖掘的地方很多，毕竟计划刚开始就要杀死一半的地球人，如何选择取舍其实非常艰难，之后的社会也更应该沉浸在悲伤和自责中，而不仅仅是如今的猎奇和救援。只关注科学的那一面，而略过或简化人性的那一面，难道中国科幻的最高追求只能是爽片吗？,较差,2019-02-06
209,椟月明人,北京,作为一部科幻片两星半，作为郭帆的第二部片子四星,推荐,2019-02-06
210,鸡纳豚, ,其实有没有无精都丝毫不影响该片的恶臭浓度，刘慈欣本作才是恶臭之源，有了无精充其量也就是往屎上淋了潲水,很差,2019-02-05
211,蒂兰圣雪糕, ,特效很好，有两处剪辑有问题，好几个角色配音不好，还有几处有点强行煽情和磨叽，剧本应该再打磨打磨，加上鼓励分0.5，总共8分。,推荐,2019-02-06
212,浩浩洪流如是说,"P&#39;yŏngyang, North Korea",吴京出现的时候电影就可以定调了:咱工人阶级战天斗地，人定胜天！于是给吴京一火车皮黑煤，吴京捋捋袖子，双手托住车皮就要起飞。外国科学家用汉语:“哲抬荒谬了！人怎么可以飞！”吴京:“你们超人飞起来，没人敢说假！中国人飞起来，就是假的！我不服！我就是怼！”于是，竟然真的飞起来了！外国鬼子和洋奴们瘫倒一地，吴京双手托举火车皮，笑笑说:“这是非洲朋友把我抬起来的”，转身飞向太阳。地面围观群众双拳抱胸做紧张状，街道大妈扭起广场舞，背景音乐:高山扭秧歌，大河笑呵呵。举着大红旗，对着伦敦说。不用十五年，就把你赶过！说时迟那时快，吴京飞到太阳边，一把将火车皮丢进太阳。太阳重放光芒！人类得救了！吴京拍掉手上的灰尘，笑着说:爱慕拆腻子！借着，又用手指着屏幕外提前退场的观众:中国人的败类！,力荐,2019-02-05
213,_小泉先生,北京,那些打一分儿两分儿的人是瞎子吗？？？,力荐,2019-02-05
214,Booige Boom, ,8.8，热评第一条我就呵呵了，中国科幻电影为什么不值得我们打高分去鼓励，非要放在国际水平线上才是客观的吗，您真的有那么客观吗，我看《七武士》、《漫游太空2001》的时候，我要不顾及他是那个时代的电影，我会给那么高的评价吗，同样都是时间轴上的事情，我觉得国产这种东西给高一点评价真的没问题，真的需要鼓励，才能继续发展，我国多少题材和类型的电影就是被您这种想法所阻碍和难以发展的，向您这样的评论，中国科幻电影真的是寸步难行了，中国电影也会受之影响，真的希望大家能明白，结合我国电影发展的历史来评价国产电影。,力荐,2019-02-06
215,壹安²,北京,格局之宏大，华语科幻实属罕见，辽阔、感人、激动，当然不得不说是幸得大刘原著之福，大灾难背景下，情、救赎、信念、牺牲…真是科幻永恒的内核和精髓。最后，流浪地球可能不是最好的科幻电影，但绝对是华语科幻最有里程碑意义的一步。,力荐,2019-01-28
216,J_Lennon, ,没看过就打一星的大年初一四格🐎好吧？,推荐,2019-02-05
217,拧发条猫,北京,2019.01.20，No.9，CBD万达，刘慈欣亲友场超前观影会。需要平复一下激动的心情，整理好想说的话，因为想说的太多太多，迟一些吧。简而言之就是，我要吹爆《流浪地球》！我不是科幻粉，甚至也不是大刘粉，但是看《流浪地球》的时候一直在想，卧槽我特么终于可以拍着胸脯摸着良心让亲朋好友们去看，因为这部电影真的太特么牛逼了！特别特别稳，重新定义中国大片，重新定义中国电影工业水准，中国科幻电影第一炮绝对可以打响了！郭帆导演成了！向参与过《流浪地球》创作过程的全体人员致敬，所有人都在经历中国科幻和中国电影的里程碑！,力荐,2019-01-20
218,香水瓶,北京,爆炸级好看！而且很催泪，后来在影厅里还听到啜泣声。大刘对此片倾注了极大的心血，认可度极高。这是他作品改编的第一部电影。大刘是一座取之不尽用之不竭的宝库。我希望这是一个开始。刘慈欣科幻电影的开始，中国科幻片的新开始。PS，为了儿子救地球。我也成为母亲有儿子了，更能体会那种心情。,力荐,2019-01-29
219,su27根本就没有,北京,好看！完全不逊好莱坞一流科幻片，终于国产科幻大片也有今天了。设定，故事，美术，一切都太刘慈欣了，原汁原味的重工业大尺度冷硬中国风大刘科幻。,力荐,2019-01-28
220,鸡纳豚, ,其实有没有无精都丝毫不影响该片的恶臭浓度，刘慈欣本作才是恶臭之源，有了无精充其量也就是往屎上淋了潲水,很差,2019-02-05
221,蒂兰圣雪糕, ,特效很好，有两处剪辑有问题，好几个角色配音不好，还有几处有点强行煽情和磨叽，剧本应该再打磨打磨，加上鼓励分0.5，总共8分。,推荐,2019-02-06
222,浩浩洪流如是说,"P&#39;yŏngyang, North Korea",吴京出现的时候电影就可以定调了:咱工人阶级战天斗地，人定胜天！于是给吴京一火车皮黑煤，吴京捋捋袖子，双手托住车皮就要起飞。外国科学家用汉语:“哲抬荒谬了！人怎么可以飞！”吴京:“你们超人飞起来，没人敢说假！中国人飞起来，就是假的！我不服！我就是怼！”于是，竟然真的飞起来了！外国鬼子和洋奴们瘫倒一地，吴京双手托举火车皮，笑笑说:“这是非洲朋友把我抬起来的”，转身飞向太阳。地面围观群众双拳抱胸做紧张状，街道大妈扭起广场舞，背景音乐:高山扭秧歌，大河笑呵呵。举着大红旗，对着伦敦说。不用十五年，就把你赶过！说时迟那时快，吴京飞到太阳边，一把将火车皮丢进太阳。太阳重放光芒！人类得救了！吴京拍掉手上的灰尘，笑着说:爱慕拆腻子！借着，又用手指着屏幕外提前退场的观众:中国人的败类！,力荐,2019-02-05
223,_小泉先生,北京,那些打一分儿两分儿的人是瞎子吗？？？,力荐,2019-02-05
224,Booige Boom, ,8.8，热评第一条我就呵呵了，中国科幻电影为什么不值得我们打高分去鼓励，非要放在国际水平线上才是客观的吗，您真的有那么客观吗，我看《七武士》、《漫游太空2001》的时候，我要不顾及他是那个时代的电影，我会给那么高的评价吗，同样都是时间轴上的事情，我觉得国产这种东西给高一点评价真的没问题，真的需要鼓励，才能继续发展，我国多少题材和类型的电影就是被您这种想法所阻碍和难以发展的，向您这样的评论，中国科幻电影真的是寸步难行了，中国电影也会受之影响，真的希望大家能明白，结合我国电影发展的历史来评价国产电影。,力荐,2019-02-06
225,壹安²,北京,格局之宏大，华语科幻实属罕见，辽阔、感人、激动，当然不得不说是幸得大刘原著之福，大灾难背景下，情、救赎、信念、牺牲…真是科幻永恒的内核和精髓。最后，流浪地球可能不是最好的科幻电影，但绝对是华语科幻最有里程碑意义的一步。,力荐,2019-01-28
226,J_Lennon, ,没看过就打一星的大年初一四格🐎好吧？,推荐,2019-02-05
227,拧发条猫,北京,2019.01.20，No.9，CBD万达，刘慈欣亲友场超前观影会。需要平复一下激动的心情，整理好想说的话，因为想说的太多太多，迟一些吧。简而言之就是，我要吹爆《流浪地球》！我不是科幻粉，甚至也不是大刘粉，但是看《流浪地球》的时候一直在想，卧槽我特么终于可以拍着胸脯摸着良心让亲朋好友们去看，因为这部电影真的太特么牛逼了！特别特别稳，重新定义中国大片，重新定义中国电影工业水准，中国科幻电影第一炮绝对可以打响了！郭帆导演成了！向参与过《流浪地球》创作过程的全体人员致敬，所有人都在经历中国科幻和中国电影的里程碑！,力荐,2019-01-20
228,香水瓶,北京,爆炸级好看！而且很催泪，后来在影厅里还听到啜泣声。大刘对此片倾注了极大的心血，认可度极高。这是他作品改编的第一部电影。大刘是一座取之不尽用之不竭的宝库。我希望这是一个开始。刘慈欣科幻电影的开始，中国科幻片的新开始。PS，为了儿子救地球。我也成为母亲有儿子了，更能体会那种心情。,力荐,2019-01-29
229,su27根本就没有,北京,好看！完全不逊好莱坞一流科幻片，终于国产科幻大片也有今天了。设定，故事，美术，一切都太刘慈欣了，原汁原味的重工业大尺度冷硬中国风大刘科幻。,力荐,2019-01-28
230,依笙听风雨, ,用了好几个小时，我把打一分的全举报了！,力荐,2019-02-06
231,。, ,《疯狂的外星人》有黄渤跟沈腾，另一个沈腾却在隔壁跟韩寒《飞驰人生》，而黄渤的老搭档王宝强在隔壁成《新喜剧之王》看到了周星驰就想起吴孟达，结果达叔却在隔壁《流浪地球》，都知道《流浪地球》是大刘写的，却没想到隔壁的一个《疯狂的外星人》也是改编他的。这个春节档影院可有意思了！,力荐,2019-02-05
232,美卡 mecca,上海,年初一@上海华谊中心 战狼版白鹤，四弟减一星（🤮- -,较差,2019-02-05
233,荒野大彪客, ,评论中某些看到吴京就不想看了！吴京到底怎么了？朝三暮四绯闻缠身？演技差？演的还可以啊、至少比那些小鲜肉强多了。还是因为他拍了一部中国人走出去的电影让你们不适应了？攻击别人能显得出的你们多优秀？借王晶的一句话“贬低别人取乐自己、变态”不想看就别看、逼逼什么。,力荐,2019-02-05
234,森罗新, ,纯看不惯那些打一星的，豆瓣什么时候混入这种蛆了？？,力荐,2019-02-05
235,Yu, ,剧情梗概： 太阳：滚！地球：好的  木星：滚！地球：好的,推荐,2019-02-05
236,晚不安,北京,《流浪地球》这部电影本身就像“点燃木星”计划，用视野范围内全部前端资源去推进难产的中国“硬”科幻。质素和内核都可以对标去年的《红海行动》，春节档票房冠军已是囊中之物。可以理解大刘为什么认可这部电影，它望向太空的眼光和极高的完成度是非常扎实的第一步。也可以想象广大观众将用迎接药神的热情去迎接科幻元年，毕竟这真的是一部为大年初一“量身定制”的大片。但它只是对科幻片做了一次认真而深入的文献综述，用《环太平洋》的国际框架去囊括《银翼杀手》（美学）《2001太空漫游》（元素）《星际穿越》（情感）《地心引力》《独立日》（情节）……罗列种种熟稔的科幻母题，但没有给出足够有价值的表达。而在整体趋向灾难片的态势下，对情感的渲染是相当聒噪和失败的。所以来势汹汹的太空战狼，其实只是一个被寄予厚望的组装的健壮婴儿。,还行,2019-02-05
237,放手一搏, ,中国科幻元年之作。恶意差评的，还有一些根本就没有看过就胡扯意淫(可能就看了个预告吧)云评论的，你这种行为我个人真的感到很恶心。,力荐,2019-02-05
238,ufo_basker,山东济南,支意盎然,很差,2019-02-06
239,妙可中国,广东珠海,要说是中国科幻的一座里程碑是绝不过誉，出色的奇观场面和相应的逻辑推导都是国产片的一次壮举，更值得一提的是终于让观众看到了中国城市也能像纽约、洛杉矶那样“遭殃”。主旋律当然还是有的，但是用更为感性和易于接受的亲情所包装，虽然煽情的过犹不及。不足之处也很显著，比如过分功能化的配角不停靠死亡来推进情节，地下城的场景也过于简陋，人物塑造失真浅薄，但都无碍此片在制作上是一次实在的飞跃。,推荐,2019-02-05
240,依笙听风雨, ,用了好几个小时，我把打一分的全举报了！,力荐,2019-02-06
241,。, ,《疯狂的外星人》有黄渤跟沈腾，另一个沈腾却在隔壁跟韩寒《飞驰人生》，而黄渤的老搭档王宝强在隔壁成《新喜剧之王》看到了周星驰就想起吴孟达，结果达叔却在隔壁《流浪地球》，都知道《流浪地球》是大刘写的，却没想到隔壁的一个《疯狂的外星人》也是改编他的。这个春节档影院可有意思了！,力荐,2019-02-05
242,美卡 mecca,上海,年初一@上海华谊中心 战狼版白鹤，四弟减一星（🤮- -,较差,2019-02-05
243,荒野大彪客, ,评论中某些看到吴京就不想看了！吴京到底怎么了？朝三暮四绯闻缠身？演技差？演的还可以啊、至少比那些小鲜肉强多了。还是因为他拍了一部中国人走出去的电影让你们不适应了？攻击别人能显得出的你们多优秀？借王晶的一句话“贬低别人取乐自己、变态”不想看就别看、逼逼什么。,力荐,2019-02-05
244,森罗新, ,纯看不惯那些打一星的，豆瓣什么时候混入这种蛆了？？,力荐,2019-02-05
245,Yu, ,剧情梗概： 太阳：滚！地球：好的  木星：滚！地球：好的,推荐,2019-02-05
246,晚不安,北京,《流浪地球》这部电影本身就像“点燃木星”计划，用视野范围内全部前端资源去推进难产的中国“硬”科幻。质素和内核都可以对标去年的《红海行动》，春节档票房冠军已是囊中之物。可以理解大刘为什么认可这部电影，它望向太空的眼光和极高的完成度是非常扎实的第一步。也可以想象广大观众将用迎接药神的热情去迎接科幻元年，毕竟这真的是一部为大年初一“量身定制”的大片。但它只是对科幻片做了一次认真而深入的文献综述，用《环太平洋》的国际框架去囊括《银翼杀手》（美学）《2001太空漫游》（元素）《星际穿越》（情感）《地心引力》《独立日》（情节）……罗列种种熟稔的科幻母题，但没有给出足够有价值的表达。而在整体趋向灾难片的态势下，对情感的渲染是相当聒噪和失败的。所以来势汹汹的太空战狼，其实只是一个被寄予厚望的组装的健壮婴儿。,还行,2019-02-05
247,放手一搏, ,中国科幻元年之作。恶意差评的，还有一些根本就没有看过就胡扯意淫(可能就看了个预告吧)云评论的，你这种行为我个人真的感到很恶心。,力荐,2019-02-05
248,ufo_basker,山东济南,支意盎然,很差,2019-02-06
249,妙可中国,广东珠海,要说是中国科幻的一座里程碑是绝不过誉，出色的奇观场面和相应的逻辑推导都是国产片的一次壮举，更值得一提的是终于让观众看到了中国城市也能像纽约、洛杉矶那样“遭殃”。主旋律当然还是有的，但是用更为感性和易于接受的亲情所包装，虽然煽情的过犹不及。不足之处也很显著，比如过分功能化的配角不停靠死亡来推进情节，地下城的场景也过于简陋，人物塑造失真浅薄，但都无碍此片在制作上是一次实在的飞跃。,推荐,2019-02-05
250,冰红深蓝,上海,类似中国版的好莱坞科幻大片，双线并进的叙事、最后一分钟营救、孤胆少年丧失“导师/父亲”后的成长与力挽狂澜、凭借爱的力量超越纯理性计算来拯救世界等均是世俗神话标配。尽管剧作&台词（各类尬点常突然浇灭酝酿好的情绪，妹妹角色几近多余）、剪辑（电梯戏最为混乱潦草）、配乐和表演都有许多问题，但按我在电影院的观感，本片仍然属于值得一看的。在套路和尴尬煽情之外，有几处情绪仍旧踩到了正确的点，荒凉与绝望的氛围甚而胜过了最终大团圆的喜感。视觉特效尤其出彩，各种科幻电影的影子都汇聚一堂，比如《2001太空漫游》的Hal，《银翼杀手》似的颓废地下城，以及《后天》式的冰封世界等等。或许，我们的国产科幻片仍有长长的一段路要走，但这片的确带来了些许希望与曙光。（8.0/10）,推荐,2019-02-05
251,银谷,上海,建议大家放低预期去看，好，但并没有吹的那么开天辟地的好。特效确实没话说，开头十几分钟快节奏剪辑交代设定背景，加上我们熟悉的北京，上海，杭州等大城市被冰雪覆盖的荒凉震撼场面确实让人忍不住想打5星，可惜后半段越来越主旋律和刻意的煽情，使每一个阅片量多一点的观众几乎都能猜到最后的结局，这让一切开始变得冗长和乏味，影片观影完毕后，留给观众哲思和探讨的余味很少，影片应该更深挖人工智能的背叛，人类对宇宙未知探索那种恐惧和好奇心并存的心里，而不是把全部精力都用在众志成城拯救地球这条单一的政治正确主线上。,推荐,2019-02-04
252,我是阿毛, ,还没看，但是看到一群打一星的恐京人事，实在气不过,力荐,2019-02-05
253,豆瓣大神！, ,电影其实不错，但是我讨厌吴京，扣两星。,还行,2019-02-05
254,FYB, ,煽情显得太尴尬,较差,2019-02-05
255,申公豹,上海,走出国门，死在外边,很差,2019-02-06
256,budweiser, ,以好莱坞的标准来评价我给三颗星，用好莱坞的标准评价这部片子是对这个片子最起码的尊重，但作为一个中国电影爱好者我打五星。,还行,2019-02-05
257,轻骑兵,上海,特效做得有多好，这剧情就有多让我想吐槽的。地球之所以会流浪，核心原因是太阳，结果这电影里太阳完全没有存在感，整个是一出逃离木星的戏。,还行,2019-02-05
258,甲必丹胡安,"Madrid, Spain",刘慈欣加吴京 可谓是一种战狼式地毯文学了,很差,2019-02-06
259,, ,给高分的这是这辈子第一次看科幻片？,很差,2019-02-05
260,冰红深蓝,上海,类似中国版的好莱坞科幻大片，双线并进的叙事、最后一分钟营救、孤胆少年丧失“导师/父亲”后的成长与力挽狂澜、凭借爱的力量超越纯理性计算来拯救世界等均是世俗神话标配。尽管剧作&台词（各类尬点常突然浇灭酝酿好的情绪，妹妹角色几近多余）、剪辑（电梯戏最为混乱潦草）、配乐和表演都有许多问题，但按我在电影院的观感，本片仍然属于值得一看的。在套路和尴尬煽情之外，有几处情绪仍旧踩到了正确的点，荒凉与绝望的氛围甚而胜过了最终大团圆的喜感。视觉特效尤其出彩，各种科幻电影的影子都汇聚一堂，比如《2001太空漫游》的Hal，《银翼杀手》似的颓废地下城，以及《后天》式的冰封世界等等。或许，我们的国产科幻片仍有长长的一段路要走，但这片的确带来了些许希望与曙光。（8.0/10）,推荐,2019-02-05
261,银谷,上海,建议大家放低预期去看，好，但并没有吹的那么开天辟地的好。特效确实没话说，开头十几分钟快节奏剪辑交代设定背景，加上我们熟悉的北京，上海，杭州等大城市被冰雪覆盖的荒凉震撼场面确实让人忍不住想打5星，可惜后半段越来越主旋律和刻意的煽情，使每一个阅片量多一点的观众几乎都能猜到最后的结局，这让一切开始变得冗长和乏味，影片观影完毕后，留给观众哲思和探讨的余味很少，影片应该更深挖人工智能的背叛，人类对宇宙未知探索那种恐惧和好奇心并存的心里，而不是把全部精力都用在众志成城拯救地球这条单一的政治正确主线上。,推荐,2019-02-04
262,我是阿毛, ,还没看，但是看到一群打一星的恐京人事，实在气不过,力荐,2019-02-05
263,豆瓣大神！, ,电影其实不错，但是我讨厌吴京，扣两星。,还行,2019-02-05
264,FYB, ,煽情显得太尴尬,较差,2019-02-05
265,申公豹,上海,走出国门，死在外边,很差,2019-02-06
266,budweiser, ,以好莱坞的标准来评价我给三颗星，用好莱坞的标准评价这部片子是对这个片子最起码的尊重，但作为一个中国电影爱好者我打五星。,还行,2019-02-05
267,轻骑兵,上海,特效做得有多好，这剧情就有多让我想吐槽的。地球之所以会流浪，核心原因是太阳，结果这电影里太阳完全没有存在感，整个是一出逃离木星的戏。,还行,2019-02-05
268,甲必丹胡安,"Madrid, Spain",刘慈欣加吴京 可谓是一种战狼式地毯文学了,很差,2019-02-06
269,, ,给高分的这是这辈子第一次看科幻片？,很差,2019-02-05
270,莫呼洛迦-屁股上的青春在歌唱,上海,"粗魯、小氣、煽情、藐視精英政治、以莽夫之智挑戰科學、沒有邏輯到不可理喻、畫虎不成反類犬

矮化除中國盟國外的宇航員和民族，這點實在太讓人覺得有失國格（或者說風度）；

在現在這個時代環境下，我不迷信西方民主政治那套，但迎合民族主義還是讓我覺得如果它代表的是中國新時代的「硬核科幻片」顯得非常小氣；

可以接受科幻片不用講求很強的邏輯，但這種小學生式的匹夫之勇，會讓我懷疑這個電影是不是太過迎合現下的反智情緒？

把粗魯和沒禮貌當成是某種「男子漢式的幽默」讓我感覺非常的不適，你可以稱呼長輩「大哥」或是別的什麼，但絕不是影片裡的那三個字；

不論是那種政治形態都不會像過家家酒一樣，做出那麼幼稚、輕率的舉動；

中國很強，但中國人民並不像影片裡那樣用無知來表現無畏；",较差,2019-02-06
271,灰蓝色, ,先搁着，看完再评,很差,2019-02-05
272,囧叔,北京,看过超前电影场，泪点很多，主要在片头片尾上，前头写着“原著：刘慈欣”，片尾直接围绕一本《流浪地球》原著做了一段蛮带感的CG，而大刘就坐在前排，经历着自己的第一次。我没收钱，实名打四星，不是友情转发，跟大刘和郭帆都没有友情。,推荐,2019-01-20
273,孤鸿影, ,国内拍绝对要毁，不是说国内没有好导演，好编剧，好演员，而是国内缺少踏踏实实做电影的电影人。国内特效，资金，电影工业懂的人都知道不比好莱坞差的。
我收回这句话，流浪星球刷爆！中国科幻万岁！  
然后我把话筒交给“京学家”你们黑前能看完再黑吗？,力荐,2019-02-05
274,乙小囧,浙江杭州,这片要是美国拍的可以给80分，中国拍的我给200分！你能想象在波士顿的IMAX电影院里坐满人，看完集体鼓掌的画面吗？燃，巨燃，全程无尿点，特效满分，剧情瑕不掩瑜。。豆瓣为什么不能打6星？⭐⭐⭐⭐⭐⭐,力荐,2019-02-06
275,realhele,广东深圳,神经一样的人说看到影片切出来made in china所以是烂片。三问made狗：1）为什么中国人或亚裔不能在科幻大片当拯救地球的人，是你被美帝文化洗脑还是你种族歧视？                                                           2）为什么作为天宫发射国宇航大国，我们不能有made in china的空间站？                       3）为什么我们建立文化自信之初，不能给自己打打气。人还允许哪怕稍微有点自恋，祖国就不可以吗？,力荐,2019-02-05
276,清山昔水不在流, ,中国科幻电影仍有很长的路要走,较差,2019-02-05
277,维雪魂,广东深圳,加成至五星。的确，瑕疵是有，但大多数时候还是能够被更多的优点所掩盖和弥补。不止是艺指和特效超乎预期，终于有一部中国科幻电影能够提交出一份撑得起这个类型和制作规模的剧本。,力荐,2019-01-21
278,基闹,北京,开年第一部灾难大片——灾难级的表演，灾难级的文本，灾难级的剪辑，灾难级的摄影。原著小而精的结构到了电影里变成了赶流程一样的儿戏，通篇的廉价煽情和自我感动。最后小女孩全球广播作文朗诵我甚至听到我爸重重的“啧”了一声。至于技术，「值得鼓励」和「好」是截然不同的两件事情。,较差,2019-02-05
279,判官赵,北京,该说的大家都说了。补充几点：1.看硬件和主旨够了，还要什么自行车。2.爱球主义和人类命运共同体，主旋律，没有错。3.吴京没问题，吴孟达令人泪目。4.部分台词应该后改过，有些幼稚和尴尬。细节渲染不够，情感上也是红海那套直接死人冲击，这一点很大刘很硬很直男。5.最重要的一点，不是太空战狼，真硬核科幻，还是有门槛的。所以票房大概率在30左右。,推荐,2019-01-28
280,莫呼洛迦-屁股上的青春在歌唱,上海,"粗魯、小氣、煽情、藐視精英政治、以莽夫之智挑戰科學、沒有邏輯到不可理喻、畫虎不成反類犬

矮化除中國盟國外的宇航員和民族，這點實在太讓人覺得有失國格（或者說風度）；

在現在這個時代環境下，我不迷信西方民主政治那套，但迎合民族主義還是讓我覺得如果它代表的是中國新時代的「硬核科幻片」顯得非常小氣；

可以接受科幻片不用講求很強的邏輯，但這種小學生式的匹夫之勇，會讓我懷疑這個電影是不是太過迎合現下的反智情緒？

把粗魯和沒禮貌當成是某種「男子漢式的幽默」讓我感覺非常的不適，你可以稱呼長輩「大哥」或是別的什麼，但絕不是影片裡的那三個字；

不論是那種政治形態都不會像過家家酒一樣，做出那麼幼稚、輕率的舉動；

中國很強，但中國人民並不像影片裡那樣用無知來表現無畏；",较差,2019-02-06
281,灰蓝色, ,先搁着，看完再评,很差,2019-02-05
282,囧叔,北京,看过超前电影场，泪点很多，主要在片头片尾上，前头写着“原著：刘慈欣”，片尾直接围绕一本《流浪地球》原著做了一段蛮带感的CG，而大刘就坐在前排，经历着自己的第一次。我没收钱，实名打四星，不是友情转发，跟大刘和郭帆都没有友情。,推荐,2019-01-20
283,孤鸿影, ,国内拍绝对要毁，不是说国内没有好导演，好编剧，好演员，而是国内缺少踏踏实实做电影的电影人。国内特效，资金，电影工业懂的人都知道不比好莱坞差的。
我收回这句话，流浪星球刷爆！中国科幻万岁！  
然后我把话筒交给“京学家”你们黑前能看完再黑吗？,力荐,2019-02-05
284,乙小囧,浙江杭州,这片要是美国拍的可以给80分，中国拍的我给200分！你能想象在波士顿的IMAX电影院里坐满人，看完集体鼓掌的画面吗？燃，巨燃，全程无尿点，特效满分，剧情瑕不掩瑜。。豆瓣为什么不能打6星？⭐⭐⭐⭐⭐⭐,力荐,2019-02-06
285,realhele,广东深圳,神经一样的人说看到影片切出来made in china所以是烂片。三问made狗：1）为什么中国人或亚裔不能在科幻大片当拯救地球的人，是你被美帝文化洗脑还是你种族歧视？                                                           2）为什么作为天宫发射国宇航大国，我们不能有made in china的空间站？                       3）为什么我们建立文化自信之初，不能给自己打打气。人还允许哪怕稍微有点自恋，祖国就不可以吗？,力荐,2019-02-05
286,清山昔水不在流, ,中国科幻电影仍有很长的路要走,较差,2019-02-05
287,维雪魂,广东深圳,加成至五星。的确，瑕疵是有，但大多数时候还是能够被更多的优点所掩盖和弥补。不止是艺指和特效超乎预期，终于有一部中国科幻电影能够提交出一份撑得起这个类型和制作规模的剧本。,力荐,2019-01-21
288,基闹,北京,开年第一部灾难大片——灾难级的表演，灾难级的文本，灾难级的剪辑，灾难级的摄影。原著小而精的结构到了电影里变成了赶流程一样的儿戏，通篇的廉价煽情和自我感动。最后小女孩全球广播作文朗诵我甚至听到我爸重重的“啧”了一声。至于技术，「值得鼓励」和「好」是截然不同的两件事情。,较差,2019-02-05
289,判官赵,北京,该说的大家都说了。补充几点：1.看硬件和主旨够了，还要什么自行车。2.爱球主义和人类命运共同体，主旋律，没有错。3.吴京没问题，吴孟达令人泪目。4.部分台词应该后改过，有些幼稚和尴尬。细节渲染不够，情感上也是红海那套直接死人冲击，这一点很大刘很硬很直男。5.最重要的一点，不是太空战狼，真硬核科幻，还是有门槛的。所以票房大概率在30左右。,推荐,2019-01-28
290,一样,四川成都,人类伦理？科幻？算了吧。,很差,2019-02-05
291,琥珀风暴, ,吴京＝弱智,很差,2019-02-06
292,Anavrin,上海,打一星还有被私信短信威胁改五星的？那先打个一星平衡一下🐷,很差,2019-02-06
293,血与冰激凌,北京,吴京的台词水平终于在这部影片里彻底露怯，各种煽情的词从他嘴里说出来就是非常尴尬。特效制作还算可以的，但是所有的美术设计都是好莱坞那一套，不是说好了要打造中国本土的「科幻设计」吗？废土末日，重机械装甲，这种设计真的毫无新意了。叙事节奏前后断裂，前半段建置昏昏入睡，还有为了介绍世界观而不得不用（其实可以不用）的旁白，前半段真是完全提不起兴趣。可以看出郭帆想表达的挺多，无论是人工智能还是情感与理智，还是亲情关系，甚至是拯救个体还是集体的宏大主题，都是浅尝辄止。父辈与子辈的和解依旧感人至深的「战狼」式的自我牺牲，「拯救人类」这种集体主义的辉煌时刻所引发的共情竟然利用的是小学作文式的煽情台词，还有对人工智能的思考一把火就可以完成人类的反抗。原著中的「悲观」完全消失，而且竟然还留有秩序，就是无感。,还行,2019-01-28
294,不流,安徽合肥,没毛病没毛病，有毛病也是没毛病。,力荐,2019-02-05
295,Ent,关注此人,9分的7分片（不结果并不是6.3）,推荐,2019-01-20
296,无耻不混蛋,北京,“科幻版《红海行动》”+“太空版《战狼2》”。最后，还是靠“战狼”拯救人类。的确，这一次，国产科幻片的技术性问题是解决了，也给国产科幻片开了一个好头，剩下的，请继续加油。,推荐,2019-02-06
297,博大男科鲁大夫,湖南长沙,我都不知道为什么可以有这么高的分…,较差,2019-02-05
298,哈哈哈哈, ,不要觉得是国产就放低要求 一星平衡一下,很差,2019-02-06
299,inki, ,吴爱国还是这么尬,很差,2019-02-05
300,一样,四川成都,人类伦理？科幻？算了吧。,很差,2019-02-05
301,琥珀风暴, ,吴京＝弱智,很差,2019-02-06
302,Anavrin,上海,打一星还有被私信短信威胁改五星的？那先打个一星平衡一下🐷,很差,2019-02-06
303,血与冰激凌,北京,吴京的台词水平终于在这部影片里彻底露怯，各种煽情的词从他嘴里说出来就是非常尴尬。特效制作还算可以的，但是所有的美术设计都是好莱坞那一套，不是说好了要打造中国本土的「科幻设计」吗？废土末日，重机械装甲，这种设计真的毫无新意了。叙事节奏前后断裂，前半段建置昏昏入睡，还有为了介绍世界观而不得不用（其实可以不用）的旁白，前半段真是完全提不起兴趣。可以看出郭帆想表达的挺多，无论是人工智能还是情感与理智，还是亲情关系，甚至是拯救个体还是集体的宏大主题，都是浅尝辄止。父辈与子辈的和解依旧感人至深的「战狼」式的自我牺牲，「拯救人类」这种集体主义的辉煌时刻所引发的共情竟然利用的是小学作文式的煽情台词，还有对人工智能的思考一把火就可以完成人类的反抗。原著中的「悲观」完全消失，而且竟然还留有秩序，就是无感。,还行,2019-01-28
304,不流,安徽合肥,没毛病没毛病，有毛病也是没毛病。,力荐,2019-02-05
305,Ent,关注此人,9分的7分片（不结果并不是6.3）,推荐,2019-01-20
306,无耻不混蛋,北京,“科幻版《红海行动》”+“太空版《战狼2》”。最后，还是靠“战狼”拯救人类。的确，这一次，国产科幻片的技术性问题是解决了，也给国产科幻片开了一个好头，剩下的，请继续加油。,推荐,2019-02-06
307,博大男科鲁大夫,湖南长沙,我都不知道为什么可以有这么高的分…,较差,2019-02-05
308,哈哈哈哈, ,不要觉得是国产就放低要求 一星平衡一下,很差,2019-02-06
309,inki, ,吴爱国还是这么尬,很差,2019-02-05
310,黑暗骑士, ,这电影要放在好莱坞，就是烂片一部。既然是放在中国，那就多一星鼓励吧。,较差,2019-02-05
311,昵称被占不开心,"Toronto, Canada",特效不错 剧情硬伤,较差,2019-02-05
312,历史的车辙,Mayotte,听说打一星会有傻逼找上门？我测试下,很差,2019-02-06
313,侯博Aze, ,高的有点扯淡，看完再改,很差,2019-02-05
314,突然粉碎,北京,枯辽，国产科幻大片再也不是笑话了，借一把火种点燃地球人的希望，是我能想到最硬核最深沉的父爱，没有人类就没有文明，感谢大刘架构的成熟的宇宙观，春节十二响走一个,推荐,2019-01-28
315,颜落寒,上海,保持谦虚才有继续进步的空间。中国科幻电影“天花板”已经这么低了（或者说根本没有），就不要再过分吹嘘和自我满足了，还是理性看待这部难得之作比较好。,还行,2019-02-05
316,小丸子的爷爷, ,8.4分这也太高了 拉低下分数,较差,2019-02-05
317,MCUStarWars, ,"我听人说豆瓣的高分电影不一定好看，但是豆瓣的低分电影一定不好看，这部电影再一次印证了这句话的前半句。
我要是一老外看这电影我肯定想，中国人让地球在宇宙流浪?地球上又不是只有中国人啊！假如到时候人类真的选择让地球流浪而不是去寻找其他宜居星球，那不如就让人类灭亡了吧。
yy程度倒是的确和战狼2有一拼。",很差,2019-02-05
318,UNDEROATH_, ,"PTSD患者们急得一夜没睡好，一早睡眼惺忪急急忙忙打开手机查电影评分，8.4的高分赫然映入眼帘，患者们瞬间血压飙升心跳急速上涨，在抽搐挣扎两分钟后纷纷口吐白沫暴毙而亡。
评论区惊现存活PTSD患者?那我就给个五星拯救一下他们吧( ^ω^)",力荐,2019-02-05
319,kulilin,北京,电影版三体的有益尝试。的确是中国科幻片第一次尝试如此宏大的场景与叙事，并且做到了。,推荐,2019-01-28
320,黑暗骑士, ,这电影要放在好莱坞，就是烂片一部。既然是放在中国，那就多一星鼓励吧。,较差,2019-02-05
321,昵称被占不开心,"Toronto, Canada",特效不错 剧情硬伤,较差,2019-02-05
322,历史的车辙,Mayotte,听说打一星会有傻逼找上门？我测试下,很差,2019-02-06
323,侯博Aze, ,高的有点扯淡，看完再改,很差,2019-02-05
324,突然粉碎,北京,枯辽，国产科幻大片再也不是笑话了，借一把火种点燃地球人的希望，是我能想到最硬核最深沉的父爱，没有人类就没有文明，感谢大刘架构的成熟的宇宙观，春节十二响走一个,推荐,2019-01-28
325,颜落寒,上海,保持谦虚才有继续进步的空间。中国科幻电影“天花板”已经这么低了（或者说根本没有），就不要再过分吹嘘和自我满足了，还是理性看待这部难得之作比较好。,还行,2019-02-05
326,小丸子的爷爷, ,8.4分这也太高了 拉低下分数,较差,2019-02-05
327,MCUStarWars, ,"我听人说豆瓣的高分电影不一定好看，但是豆瓣的低分电影一定不好看，这部电影再一次印证了这句话的前半句。
我要是一老外看这电影我肯定想，中国人让地球在宇宙流浪?地球上又不是只有中国人啊！假如到时候人类真的选择让地球流浪而不是去寻找其他宜居星球，那不如就让人类灭亡了吧。
yy程度倒是的确和战狼2有一拼。",很差,2019-02-05
328,UNDEROATH_, ,"PTSD患者们急得一夜没睡好，一早睡眼惺忪急急忙忙打开手机查电影评分，8.4的高分赫然映入眼帘，患者们瞬间血压飙升心跳急速上涨，在抽搐挣扎两分钟后纷纷口吐白沫暴毙而亡。
深感悲痛
评论区惊现存活PTSD患者?那我就给个五星拯救一下他们吧( ^ω^)",力荐,2019-02-05
329,kulilin,北京,电影版三体的有益尝试。的确是中国科幻片第一次尝试如此宏大的场景与叙事，并且做到了。,推荐,2019-01-28
330,伯樵·阿苏勒,上海,优点和缺点同样明显…优点就不说了。缺点：这线索交待太tm乱了，高潮场面混乱到无厘头，这样居然也把故事讲下去了…几个大的煽情场景感情酝酿得都太差…最关键的，真的不是要黑吴京，全片属他最尬，演技就不说了，这念白，大陆演员念白差成这样也就小鲜肉了…要能换个强一点属性的爹，绝对是一部值4星的片（含鼓励了）,还行,2019-01-28
331,铎mao猫, ,特效简直超乎预期，一点没有违和感，太空部分的戏也确实只有在顶级好莱坞科幻大片见过，第三幕紧张刺激，燃点泪点一个不缺，然而，，，，，我内心是真的毫无波动啊(好莱坞看太多了？)，影片前三分之二暴露的问题实在是太多，节奏失衡，剪辑拖后腿，角色行为逻辑欠妥，整体的故事推进也显得十分平淡，只能靠场面和配乐撑。本来以为是瑕不掩瑜，但那种感觉不得不牵制我一直到高潮，最后即使再精彩我的情感已经被稀释得差不多了，看得出郭帆导演能力实在有限。演员方面能想象表现最好的是吴京和吴孟达吗？(虽然吴的台词我有点不适应)，各色配角通通纸片人，这点红海真的吊打之，两位鲜肉的演技让人不敢恭维。不过评论归评论，那份认真是非常值得鼓励的，希望票房大爆，我还想看到更好的国产科幻片啊。7.5/10,推荐,2019-02-05
332,三七莲华,上海,吴京式煽情太多，某些地方逻辑有缺，我很烦主角那俩熊娃，但整体瑕不掩瑜，值得一看。7-8分。春节档也就这个比较好看了。还有我真的觉得以人类劣根性这么宏伟的计划根本坚持不了2500年，五代之内就会给搞砸了。,推荐,2019-02-05
333,雨前羽街,北京,保守点儿说可能是我国前后5年内的科幻电影高峰了,推荐,2019-01-28
334,尼米兹的小企业,北京,刘慈欣+吴京，两个垃圾去宇宙污染了,很差,2019-02-06
335,男娼起义,关注此人,北京的天空哪能看到星星啊,null,2019-01-28
336,张劳动,北京,中国科幻电影都可以了 ，留给中国男足的时间不多了。,力荐,2019-02-06
337,书中说书, ,看過星際穿越，這個還是不要看了。,很差,2019-02-06
338,SydneyCarton,北京,一句话:不像中国人拍的。,推荐,2019-02-05
339,森林里的玄子酱,北京,好看，不做影评人想怎么打分就怎么打分，爽！大年初一看这个片子有点儿致郁，尤其不适合拖家带口看，看完更坚决了流浪的心。心理学中有个返家理论，就是不管家烂成屎了，还是要回家，这个片子看完真是pia pia打脸，人活着，走到哪儿哪儿都能成家，绝望的临界点过去就是希望，踏进希望的时候希望你一身包袱全然甩落，只要知道他们本意都是爱你就好了。遗弃还是流浪，一个被动一个主动，记住了千万别忘,力荐,2019-02-05
340,伯樵·阿苏勒,上海,优点和缺点同样明显…优点就不说了。缺点：这线索交待太tm乱了，高潮场面混乱到无厘头，这样居然也把故事讲下去了…几个大的煽情场景感情酝酿得都太差…最关键的，真的不是要黑吴京，全片属他最尬，演技就不说了，这念白，大陆演员念白差成这样也就小鲜肉了…要能换个强一点属性的爹，绝对是一部值4星的片（含鼓励了）,还行,2019-01-28
341,铎mao猫, ,特效简直超乎预期，一点没有违和感，太空部分的戏也确实只有在顶级好莱坞科幻大片见过，第三幕紧张刺激，燃点泪点一个不缺，然而，，，，，我内心是真的毫无波动啊(好莱坞看太多了？)，影片前三分之二暴露的问题实在是太多，节奏失衡，剪辑拖后腿，角色行为逻辑欠妥，整体的故事推进也显得十分平淡，只能靠场面和配乐撑。本来以为是瑕不掩瑜，但那种感觉不得不牵制我一直到高潮，最后即使再精彩我的情感已经被稀释得差不多了，看得出郭帆导演能力实在有限。演员方面能想象表现最好的是吴京和吴孟达吗？(虽然吴的台词我有点不适应)，各色配角通通纸片人，这点红海真的吊打之，两位鲜肉的演技让人不敢恭维。不过评论归评论，那份认真是非常值得鼓励的，希望票房大爆，我还想看到更好的国产科幻片啊。7.5/10,推荐,2019-02-05
342,三七莲华,上海,吴京式煽情太多，某些地方逻辑有缺，我很烦主角那俩熊娃，但整体瑕不掩瑜，值得一看。7-8分。春节档也就这个比较好看了。还有我真的觉得以人类劣根性这么宏伟的计划根本坚持不了2500年，五代之内就会给搞砸了。,推荐,2019-02-05
343,雨前羽街,北京,保守点儿说可能是我国前后5年内的科幻电影高峰了,推荐,2019-01-28
344,尼米兹的小企业,北京,刘慈欣+吴京，两个垃圾去宇宙污染了,很差,2019-02-06
345,男娼起义,关注此人,北京的天空哪能看到星星啊,null,2019-01-28
346,张劳动,北京,中国科幻电影都可以了 ，留给中国男足的时间不多了。,力荐,2019-02-06
347,书中说书, ,看過星際穿越，這個還是不要看了。,很差,2019-02-06
348,SydneyCarton,北京,一句话:不像中国人拍的。,推荐,2019-02-05
349,森林里的玄子酱,北京,好看，不做影评人想怎么打分就怎么打分，爽！大年初一看这个片子有点儿致郁，尤其不适合拖家带口看，看完更坚决了流浪的心。心理学中有个返家理论，就是不管家烂成屎了，还是要回家，这个片子看完真是pia pia打脸，人活着，走到哪儿哪儿都能成家，绝望的临界点过去就是希望，踏进希望的时候希望你一身包袱全然甩落，只要知道他们本意都是爱你就好了。遗弃还是流浪，一个被动一个主动，记住了千万别忘,力荐,2019-02-05
350,灌水机, ,这部电影最厉害的地方就是，最后拯救地球的戏份太过热血、京京的亲情戏码太过感人，所以我完全忘记了中间的徒劳的火石转移剧情有多么多么屎，最后还是给它打了7.5分。可见，只要开头开好了，结尾收好了，中间瞎几把演的都会被人忘记的。,推荐,2019-02-05
351,淋,山西太原,还是做不到对国产二字的宽容，鸡血的爱国狂欢消停一会儿吧,较差,2019-02-05
352,南悠一,北京,带着房子跑又能如何，“我们自己的”科幻片故事背后竟然如此虚无，真可谓“寒蝉凄切，对长亭晚，骤雨初歇。”首先不敢解构权力，其次连基本的人性冲突都不敢涉及，要靠着煽情和生硬的突发事件做转折。,还行,2019-02-05
353,寻～, ,想看科幻的，可以散了。想看父子冰释前嫌的，赶紧去吧。,很差,2019-02-05
354,JOJOORC/Z,北京,火种计划很合理啊。几个年轻演员烦死了。,还行,2019-02-05
355,老五,上海,嘿嘿，霍金牛顿老爷子在世看到吴京哥哥的流浪地球，会气死,较差,2019-02-05
356,西凉虫,关注此人,特效确实里程碑式的科幻作品，但这个故事，除了“流浪地球”这个设定跟原著一样，其他都是“原创”了。一看就是闯关打怪的设定，一些配角你瞄一眼就知道谁要被套路牺牲了。我真的很反感这种过度煽情，台词都很差很愚蠢，女主最后鼓动增援的发言，真的low炸，毫无感染力。如果以好莱坞标准出品的电影，这电影十分的话，也最多六分了。,较差,2019-02-05
357,神死慟瞑, ,整体值三星半，不过分太高了，这有点像中国版黑豹，抛除爱国情怀正常分应该在7.5-7.8,很差,2019-02-05
358,华盛顿樱桃树,北京,中国科幻电影元年，没错了！影像方面非常好，全程让人头皮发麻。但也是因为无论是创作者还是观看者都把注意力放在了类型片的硬件上，所以情感稍弱。屈楚萧非常好，请成为中国刘亚仁吧。,还行,2019-01-28
359,Favillae,关注此人,一部普通末世灾难片，毫无悲剧感，无论杭州地下城被岩浆吞没的35万人还是留在地表被牺牲的35亿人都只是宏大叙事下苍白的数字背景，为主角一家做陪衬的，包括所有配角都仅止于陪衬。场景还过得去。但是人物基本毫无亮点乏善可陈，让我印象最好的是被坑了的姥爷，这也秉承了大刘小说的特色。主角兄妹里的哥哥让我想一脚踹死，为啥这种片让个中二病熊孩子当主角啊，你哪怕让个类似章北海的上啊，妹妹的作用大概就是让她在最后的全球广播频道里念一篇幼稚尬煽让人捂脸的小学生命题作文。还有那个一声不吭打爆火石的女队员，完全是三体里女性角色的代表啊。最大的毛病就是乡土味+煽情泛滥了。最后，作为贺岁片我带我娘去看了，看完后我娘说不好看TT,还行,2019-02-05
360,灌水机, ,这部电影最厉害的地方就是，最后拯救地球的戏份太过热血、京京的亲情戏码太过感人，所以我完全忘记了中间的徒劳的火石转移剧情有多么多么屎，最后还是给它打了7.5分。可见，只要开头开好了，结尾收好了，中间瞎几把演的都会被人忘记的。,推荐,2019-02-05
361,淋,山西太原,还是做不到对国产二字的宽容，鸡血的爱国狂欢消停一会儿吧,较差,2019-02-05
362,南悠一,北京,带着房子跑又能如何，“我们自己的”科幻片故事背后竟然如此虚无，真可谓“寒蝉凄切，对长亭晚，骤雨初歇。”首先不敢解构权力，其次连基本的人性冲突都不敢涉及，要靠着煽情和生硬的突发事件做转折。,还行,2019-02-05
363,寻～, ,想看科幻的，可以散了。想看父子冰释前嫌的，赶紧去吧。,很差,2019-02-05
364,JOJOORC/Z,北京,火种计划很合理啊。几个年轻演员烦死了。,还行,2019-02-05
365,老五,上海,嘿嘿，霍金牛顿老爷子在世看到吴京哥哥的流浪地球，会气死,较差,2019-02-05
366,西凉虫,关注此人,特效确实里程碑式的科幻作品，但这个故事，除了“流浪地球”这个设定跟原著一样，其他都是“原创”了。一看就是闯关打怪的设定，一些配角你瞄一眼就知道谁要被套路牺牲了。我真的很反感这种过度煽情，台词都很差很愚蠢，女主最后鼓动增援的发言，真的low炸，毫无感染力。如果以好莱坞标准出品的电影，这电影十分的话，也最多六分了。,较差,2019-02-05
367,神死慟瞑, ,整体值三星半，不过分太高了，这有点像中国版黑豹，抛除爱国情怀正常分应该在7.5-7.8,很差,2019-02-05
368,华盛顿樱桃树,北京,中国科幻电影元年，没错了！影像方面非常好，全程让人头皮发麻。但也是因为无论是创作者还是观看者都把注意力放在了类型片的硬件上，所以情感稍弱。屈楚萧非常好，请成为中国刘亚仁吧。,还行,2019-01-28
369,Favillae,关注此人,一部普通末世灾难片，毫无悲剧感，无论杭州地下城被岩浆吞没的35万人还是留在地表被牺牲的35亿人都只是宏大叙事下苍白的数字背景，为主角一家做陪衬的，包括所有配角都仅止于陪衬。场景还过得去。但是人物基本毫无亮点乏善可陈，让我印象最好的是被坑了的姥爷，这也秉承了大刘小说的特色。主角兄妹里的哥哥让我想一脚踹死，为啥这种片让个中二病熊孩子当主角啊，你哪怕让个类似章北海的上啊，妹妹的作用大概就是让她在最后的全球广播频道里念一篇幼稚尬煽让人捂脸的小学生命题作文。还有那个一声不吭打爆火石的女队员，完全是三体里女性角色的代表啊。最大的毛病就是乡土味+煽情泛滥了。最后，作为贺岁片我带我娘去看了，看完后我娘说不好看TT,还行,2019-02-05
370,極北丶,广东深圳,这分数我又叛逆了，本应三分是全给特效的。内核剧情看得我彷佛吃下大年初一第一口shi…科技进步成这样了为什么每个人还作得让我恨不得打爆他们的🐷头,很差,2019-02-05
371,脑后有杀气, ,把地球带走，不觉得很浪漫吗？,力荐,2019-02-05
372,ZeonGin Sou,广东广州,中国第一部真正意义上的特效大片。全程特效不注水。2001太空漫游+地心引力+火星救援+星际穿越。刘慈欣想象力爆棚，导演执行力靠谱，再现赛博朋克地下城、永夜冰封帝都魔都、引力地震灾难、推进器式流浪地球，救世过程荡气回肠、热血贲张，灾难场面目不暇接，多视角推进节奏紧凑。没有历史的外国人主张开拓新世界。坐拥上下五千年的中国人却离不开家国乡愁。这是属于中国人的科幻电影。,力荐,2019-02-05
373,心生,北京,是中国科幻电影的里程碑式作品。它彻彻底底把国产科幻片，大幅度地推进到了一个全新的高度。即便是放在国际电影市场中，这样的水准也是足够了的，而且比较体面。它有着《三体》式的悲悯、硬核与史诗感，虽然体量上无法跟《三体》相比，虽然整体跟世界顶级科幻片仍有差距，但它真正点燃了国产科幻电影的新希望。加油！,推荐,2019-02-05
374,峰峰峰峰,浙江绍兴,悲观的诗意是大刘科幻最独特的美，宏观上理性冷血，微观上悲天悯人，电影只截取了原著的部分，或许是这种宏伟的题材本身就不好驾驭，从设定背景和故事切入，导演没能找到一种平衡,还行,2019-02-05
375,有有,广西南宁,作为国产科幻片，特效啥的让人挺惊艳的，就是剧情有点崩，希望再接再厉吧,还行,2019-02-05
376,小啊原, ,这部电影只能证明我们的特效起步了，我们的科幻片还没有起步。,还行,2019-02-05
377,卑鄙的我, ,"1.情节基本靠旁白推动，太阳急速老化别问为什么，木星引力增加别问为什么
2.特效不是五毛，但做的像个大型单机游戏
3.有几处刻意煽情，很尴尬，哭不出来。
一直在和星际穿越做比较，差的不是一星半点...",还行,2019-02-05
378,摩诃曼珠沙华,广东广州,还是战狼的风格，一个人扛起了整部戏，就如同我期待能看到一部红海行动，实际拍了部战狼2。小说里磅礴大气的种族自救让给了个人英雄主义。三星给特效，科幻也是讲故事，剧情还是弱，不太合理,还行,2019-02-05
379,妖孽, ,要不是有后半小时，两⭐我都不想给，,较差,2019-02-05
380,極北丶,广东深圳,这分数我又叛逆了，本应三分是全给特效的。内核剧情看得我彷佛吃下大年初一第一口shi…科技进步成这样了为什么每个人还作得让我恨不得打爆他们的🐷头,很差,2019-02-05
381,脑后有杀气, ,把地球带走，不觉得很浪漫吗？,力荐,2019-02-05
382,ZeonGin Sou,广东广州,中国第一部真正意义上的特效大片。全程特效不注水。2001太空漫游+地心引力+火星救援+星际穿越。刘慈欣想象力爆棚，导演执行力靠谱，再现赛博朋克地下城、永夜冰封帝都魔都、引力地震灾难、推进器式流浪地球，救世过程荡气回肠、热血贲张，灾难场面目不暇接，多视角推进节奏紧凑。没有历史的外国人主张开拓新世界。坐拥上下五千年的中国人却离不开家国乡愁。这是属于中国人的科幻电影。,力荐,2019-02-05
383,心生,北京,是中国科幻电影的里程碑式作品。它彻彻底底把国产科幻片，大幅度地推进到了一个全新的高度。即便是放在国际电影市场中，这样的水准也是足够了的，而且比较体面。它有着《三体》式的悲悯、硬核与史诗感，虽然体量上无法跟《三体》相比，虽然整体跟世界顶级科幻片仍有差距，但它真正点燃了国产科幻电影的新希望。加油！,推荐,2019-02-05
384,峰峰峰峰,浙江绍兴,悲观的诗意是大刘科幻最独特的美，宏观上理性冷血，微观上悲天悯人，电影只截取了原著的部分，或许是这种宏伟的题材本身就不好驾驭，从设定背景和故事切入，导演没能找到一种平衡,还行,2019-02-05
385,有有,广西南宁,作为国产科幻片，特效啥的让人挺惊艳的，就是剧情有点崩，希望再接再厉吧,还行,2019-02-05
386,小啊原, ,这部电影只能证明我们的特效起步了，我们的科幻片还没有起步。,还行,2019-02-05
387,卑鄙的我, ,"1.情节基本靠旁白推动，太阳急速老化别问为什么，木星引力增加别问为什么
2.特效不是五毛，但做的像个大型单机游戏
3.有几处刻意煽情，很尴尬，哭不出来。
一直在和星际穿越做比较，差的不是一星半点...",还行,2019-02-05
388,摩诃曼珠沙华,广东广州,还是战狼的风格，一个人扛起了整部戏，就如同我期待能看到一部红海行动，实际拍了部战狼2。小说里磅礴大气的种族自救让给了个人英雄主义。三星给特效，科幻也是讲故事，剧情还是弱，不太合理,还行,2019-02-05
389,妖孽, ,要不是有后半小时，两⭐我都不想给，,较差,2019-02-05
390,sweet1002008, ,楼上那位说什么煽动妄想的怕是个外国人吧 中国的神话本来就是大禹治水精卫填海夸父追日后羿射日 拍个科幻片难道不应该遵循自己的传统文化？？？,力荐,2019-02-05
391,逃跑的木偶, ,电影四星，鼓励一星，评论区撕的鸡飞狗跳更证明了国内大众科普事业任重道远，一帮子民科都不如的人指出科幻设定问题我也是醉了，国内需要做科幻的带头人，任重道远，加油,力荐,2019-02-05
392,苦芜,四川成都,本来要给电影打四星，看到热评第一的装逼犯，我打五星。,力荐,2019-02-05
393,一口吃掉小蛋糕,北京,真不敢相信是中国科幻！前半段跪着。后半段哭着。看完《流浪地球》更期待三体啦！宴席上达叔问我好不好看，我说好看的，我哭很惨。结果旁边的主演小哥吐槽我泪点低……但是调头的那刻真的哭爆了！！看的是未渲染完成的版本，已足够震撼。虽然还是个人英雄主义，但刘慈欣毕竟是大神啊！科幻是皮囊，人性才是骨肉！,力荐,2019-02-04
394,陈楸帆,北京,和大刘一起看的内部亲友场，感动！中国科幻电影的元年终于他妈的来了……,力荐,2019-01-20
395,哈哈哈哈哈哈哈, ,通过这部电影，才知道一个国家的名族自信心有多么的重要，某些人是真的恶心。,力荐,2019-02-05
396,不可一世, ,果然和预料的一样，特效3流水准，大量cg感，精度不够，建模物太少，最主要的是画质也不行，亮度不够，灰蒙蒙的，色彩单调。前半段真是太无聊了，让人一度想离场。剧情马马虎虎，整片可以对照全球风暴，就是比全球风暴特效差一些，其他差不多。全片就是看一些灾难特效，没有怪物，没有大反派，有点无聊,很差,2019-02-05
397,Morning,北京,是灾难片，但并不科幻。在科技这个类型上的叙事是节节败退的（因此我更宽容了一点《星际穿越》），地下城的景置景感太重，和《动物世界》的轮船没差，我觉得是观念和精细度的问题，外部世界我则想起了《天咒》，实在是不算太好的联想。电影的煽动能力还是很强的，毕竟把希望和恐惧都讲到了一个死生的极致，但个人角色就写得比较糟糕，情节时常依托于一个人任性的决定，无视法律法纪等等这让我觉得现代文明和科技发展后可能已经克服了的东西，写人性仍旧写不出恢弘的灵性格局，科技和灵性是同步发展的，亚特兰蒂斯文明就是佐证。我喜欢男主角的任务反转的线，当他离开队伍找到车再次踏上征途时，又和李光洁又一个互相的交接动作，确实是很扎实的一笔，但前面的我只能说他们一家人很拖累同伴。,还行,2019-02-05
398,精彩是我,上海,一大早被家人拖来看这个，老家影院还特贵，虽然知道大概结果，但实在忍不住吐槽。这样的国产科幻里人物的问题更严重，没有真实的欲望，表演陶醉在个人世界中，很难打动人。叙事场景确实恢宏庞大，可你就是感觉假，如果演员心里都没真的相信那些欲求是必须的，那又怎么能推动故事呢？,较差,2019-02-05
399,孤军独战曼比季,关注此人,格局宏大，特效用心。与美式灾难片想传递的那种“一个都不能少”的精神相比，刘慈欣监制的这部片试图假设在一个异常极端的环境下做出取舍，最终的结果是:用现在保将来，舍大人保小孩，舍单个个体以保住整个团队，牺牲一个团队以保住整个族群的未来，这种情况下就非常依赖这种少数个体的自我选择以及自我奉献、英雄主义精神乃至于刘培强那种不惜一切代价的近乎于“神风”式牺牲精神（不然就像刘培强通过舍弃妻子来保住儿子的生存权一样就会遭遇不小的伦理问题）。对于希望的意义、父子代际之间的冲突问题等等这部片子也有所涉及。总体说来虽然这部片子传递的味儿很有种“东方式集体主义”的味道，但是没什么社达味。,力荐,2019-02-05
